"Guid","CurrencyIsoCode","IsActive","Pricebook2Id","Product2Id","UnitPrice","UseStandardPrice"
003a38f6-211a-4ead-995d-ef4bef7ace97,USD,true,86a63f21-ba05-457f-afd1-aefb10607603,8d3f6491-4b54-4889-991d-79d63066d045,2250.0,false
00792f70-e7a8-44b4-b39a-f3ed88e8cb68,EUR,true,86a63f21-ba05-457f-afd1-aefb10607603,482e60d1-bc17-4dee-a60a-8ddd59830b1d,189.05,false
00d16bb5-b108-496a-bfd0-eb29b7c6522e,AUD,true,86a63f21-ba05-457f-afd1-aefb10607603,c6986fb6-6c9d-4f9d-a385-acb8f80b53d4,1125.9,false
0102fd0a-aa6d-4c00-b796-2649b2be9011,USD,true,86a63f21-ba05-457f-afd1-aefb10607603,686e5e1b-cbe3-4cd6-b44f-766adbf6a14b,5.0,false
017298ac-7efe-4b06-a7f9-2e03a03abf1d,EUR,true,86a63f21-ba05-457f-afd1-aefb10607603,2fd1d1cc-caff-451c-b8d2-fb83e0249f69,284.9905,false
01dc5d88-8986-4e35-ac05-5da3d013bcc4,GBP,true,86a63f21-ba05-457f-afd1-aefb10607603,1800c09a-ab62-4e5f-a11b-43f6def41978,1600.0,false
026d0092-74e5-4ba5-b231-058b6e851bee,EUR,true,86a63f21-ba05-457f-afd1-aefb10607603,4fb1c6f8-3819-4003-a5ac-c13ed2357645,213.75,false
02866d0d-3777-4203-b239-baa0dd2fbe54,GBP,true,86a63f21-ba05-457f-afd1-aefb10607603,594ff283-25c3-4fe4-94ac-da3214c5ff14,400.0,false
02b33eee-22f4-4dd0-8d39-f5d241693c68,EUR,true,86a63f21-ba05-457f-afd1-aefb10607603,21f2ec12-aed6-4eab-9ec8-ed2cfd7360e8,19000.0,false
02fb0b06-404b-4721-894f-d6c6968c1765,EUR,true,86a63f21-ba05-457f-afd1-aefb10607603,d0345f3d-2738-4ad0-a3a8-57cc4d519fd8,0.0,false
03494595-aa0a-4f14-8a7c-3a6e774af872,AUD,true,86a63f21-ba05-457f-afd1-aefb10607603,3e67bd96-46ee-4ca7-83fa-3ff840daf9a3,139.0,false
03895bff-c3e7-4d06-8d3a-5780224402b7,AUD,true,86a63f21-ba05-457f-afd1-aefb10607603,03614e34-adc8-473c-88d6-b6d2f79f3cd1,13900.0,false
040553c0-e3fb-4223-992f-41cef1812541,USD,true,86a63f21-ba05-457f-afd1-aefb10607603,03614e34-adc8-473c-88d6-b6d2f79f3cd1,10000.0,false
0454a251-0eb6-4155-9ba9-5160f18c0d03,EUR,true,86a63f21-ba05-457f-afd1-aefb10607603,c5f4e456-6a83-4e27-9f38-9ed611ce7f01,1900.0,false
04853115-b007-4884-b20d-1eae57f65336,AUD,true,86a63f21-ba05-457f-afd1-aefb10607603,c51fdb21-409e-4c52-bdf3-f599291a5447,351.67,false
04a4ca51-cde2-416e-816f-b37142d9d0da,EUR,true,86a63f21-ba05-457f-afd1-aefb10607603,ec13f820-0ecf-4840-b404-c6662d7e06a0,95.0,false
04bcf2ac-d48c-4744-a65f-073c6f3719a4,GBP,true,86a63f21-ba05-457f-afd1-aefb10607603,7b73ef0c-375e-409b-a4ce-d5f0a4b50ae4,40.0,false
04f36c38-bfba-417c-b297-ac86b445e22a,EUR,true,86a63f21-ba05-457f-afd1-aefb10607603,903c7b24-cd0a-4428-9a83-cd715eaa602b,1.1875,false
055b753d-96bd-4c56-90ee-f094efc77438,GBP,true,86a63f21-ba05-457f-afd1-aefb10607603,4fb1c6f8-3819-4003-a5ac-c13ed2357645,180.0,false
05668e89-ead1-4090-b874-e08c8bf48be9,AUD,true,86a63f21-ba05-457f-afd1-aefb10607603,d4d547b9-68dc-453c-843b-006fc1a17e6b,6950.0,false
057568dd-73ad-48a6-9221-41a20fdbfa6d,AUD,true,86a63f21-ba05-457f-afd1-aefb10607603,55947eee-6bbf-45e5-a7b9-04c9d9cf4591,27800.0,false
058f519c-c9af-4e83-b7d4-7c5f93fc77c9,USD,true,86a63f21-ba05-457f-afd1-aefb10607603,c1780174-9cc6-4859-b369-71afd78eae77,1122.0,false
0595207b-334a-4c58-a80d-c1705d88df33,USD,true,86a63f21-ba05-457f-afd1-aefb10607603,30b2099d-55b1-433d-96c5-0e3916f7814e,15.0,false
05967192-1009-410c-91d6-25a6ef6c68bf,GBP,true,86a63f21-ba05-457f-afd1-aefb10607603,6fcbf160-d45a-456a-b5f4-9fda0e99be67,180.0,false
0698487a-e065-4c60-ac48-70e0bc0fb726,AUD,true,86a63f21-ba05-457f-afd1-aefb10607603,3a1f9412-e4c5-4177-90ea-6569f32a664c,16.68,false
079e4cae-7cf1-4c59-9cd8-8913afb2dabe,GBP,true,86a63f21-ba05-457f-afd1-aefb10607603,1234b623-6dc3-41ff-839c-b95e77722972,2365.6,false
0836e048-73bf-46fe-9488-5d3792f9e306,EUR,true,86a63f21-ba05-457f-afd1-aefb10607603,6fcbf160-d45a-456a-b5f4-9fda0e99be67,213.75,false
08381177-1f4a-47a5-87a4-e8c1e04fd1ec,GBP,true,86a63f21-ba05-457f-afd1-aefb10607603,c5f4e456-6a83-4e27-9f38-9ed611ce7f01,1600.0,false
083f6ae1-c298-479d-80fa-17f667d6b9b9,GBP,true,86a63f21-ba05-457f-afd1-aefb10607603,eb4ed1ee-e0ba-4d2f-909b-ec033002e7d9,11200.0,false
089f2e04-2d9d-42cc-abcd-55bde665b185,GBP,true,86a63f21-ba05-457f-afd1-aefb10607603,c82a6f5f-1c27-4e46-b1dd-2fbaf89b5149,1030.4,false
08b8e2e9-ee23-44f5-a6d7-546da7784fa5,GBP,true,86a63f21-ba05-457f-afd1-aefb10607603,f38ec1d0-8568-4b29-a2f1-a4462cedd7a7,2121.6,false
08c63d38-36c7-42c7-b027-ac1623856d7d,GBP,true,86a63f21-ba05-457f-afd1-aefb10607603,062d0221-24ae-4037-9aae-180af606c12e,202.4,false
08cc3d24-2177-4bde-a979-a72bed574b2c,GBP,true,86a63f21-ba05-457f-afd1-aefb10607603,5ee69626-8707-4db0-93d4-ceb3cfd7c000,4000.0,false
08ce672d-f05e-4d59-b6db-55f85bc90f6f,USD,true,86a63f21-ba05-457f-afd1-aefb10607603,a6f07a72-e43a-451d-b99a-2bcc4d60e4d0,100.0,false
08f6d143-3117-43c9-b823-5d59cc47de4f,EUR,true,86a63f21-ba05-457f-afd1-aefb10607603,d4d547b9-68dc-453c-843b-006fc1a17e6b,4750.0,false
0999d293-6efb-41a7-ac1e-165ca02939f3,EUR,true,86a63f21-ba05-457f-afd1-aefb10607603,686e5e1b-cbe3-4cd6-b44f-766adbf6a14b,4.75,false
0aa67ed2-6170-49d9-997b-133a79e093b5,EUR,true,86a63f21-ba05-457f-afd1-aefb10607603,a787ed35-8ce9-4898-8041-7c8430d422e7,237.5,false
0bd8a479-6a7a-461e-ba1a-0540a1498ce5,GBP,true,86a63f21-ba05-457f-afd1-aefb10607603,dfa93248-31b5-4616-afe3-d402194c895b,319.2,false
0be5cc21-e8f2-470a-8f1c-2c36b438b4eb,AUD,true,86a63f21-ba05-457f-afd1-aefb10607603,6a965800-e740-4990-86fe-b6974c9f6327,1390.0,false
0bfa8268-91f9-4cc5-b0c4-4db239881940,USD,true,86a63f21-ba05-457f-afd1-aefb10607603,064e2042-fd19-4458-bb55-b6a7a95c0de5,199.0,false
0c2f3ce9-8bb2-42d1-9c27-86050e89c90a,EUR,true,86a63f21-ba05-457f-afd1-aefb10607603,467a50b1-84a4-4d99-8eab-3be5f3ff6b18,522.5,false
0d39a95a-e14a-4d74-94f3-fe4036c15dfc,USD,true,86a63f21-ba05-457f-afd1-aefb10607603,1fa5216f-0e7f-41e3-88a0-34131698d879,8500.0,false
0d541530-047e-4382-8fe4-844d325950a0,AUD,true,86a63f21-ba05-457f-afd1-aefb10607603,4e1d00ac-6bc1-43b3-bc64-e901584c3952,2502.0,false
0d5eaee9-109d-445b-a4a8-7b516e149a28,EUR,true,86a63f21-ba05-457f-afd1-aefb10607603,e1052d7a-669c-4b70-b14f-6d9264213fdd,7600.0,false
0e2d5b06-57bb-45ff-b369-c55a4d3e26a5,EUR,true,86a63f21-ba05-457f-afd1-aefb10607603,f9cf99a9-23e4-40d8-aadf-72013ccf0b7c,47.5,false
0e3f70d6-a21d-4d44-8cd7-d7c3ec980dc8,AUD,true,86a63f21-ba05-457f-afd1-aefb10607603,3a4ddaae-ace2-460d-8c5d-2f8dd2b0333d,3686.28,false
0ee3a080-d218-44a0-96e5-f477951b478f,AUD,true,86a63f21-ba05-457f-afd1-aefb10607603,428f565d-f194-4e76-99e0-8e9a50823f0d,4029.61,false
0ee8257f-64fa-447b-9783-d0656eb3fe37,GBP,true,86a63f21-ba05-457f-afd1-aefb10607603,6929f3f4-8420-44f5-9826-ed552801a372,244.0,false
0f534072-a1a7-40c2-8054-7acf14e28569,GBP,true,86a63f21-ba05-457f-afd1-aefb10607603,15819bad-bacb-4892-bd6b-9e66c54f937b,1600.0,false
0f88b3b8-2e72-4c45-97c2-de2b43e99af4,EUR,true,86a63f21-ba05-457f-afd1-aefb10607603,930e17b5-d169-4ee6-bda9-f5f7730bd76e,16625.0,false
0f9063a5-9295-4bc2-877f-9d214386041e,AUD,true,86a63f21-ba05-457f-afd1-aefb10607603,dac40b15-963d-44f8-8638-5381f31e1239,12.51,false
0ff2b9ef-ac40-44ec-bb41-ce5a5633d6a3,USD,true,86a63f21-ba05-457f-afd1-aefb10607603,742b98a5-0b7c-4621-ae25-b23f29b978e1,1122.0,false
103e3a24-e884-4a20-b47a-b2112593210d,GBP,true,86a63f21-ba05-457f-afd1-aefb10607603,ac66435b-af45-44de-9f11-929d14409f50,160.0,false
105b28a4-033d-44d8-b793-f6a3a44276d5,GBP,true,86a63f21-ba05-457f-afd1-aefb10607603,930e17b5-d169-4ee6-bda9-f5f7730bd76e,14000.0,false
10601835-8209-4678-81d4-6c259b367d3f,GBP,true,86a63f21-ba05-457f-afd1-aefb10607603,3118eea8-8f14-4fe9-8108-758ffb684b88,440.0,false
1068d92e-35ee-47ad-9bac-44665b57771d,GBP,true,86a63f21-ba05-457f-afd1-aefb10607603,d0345f3d-2738-4ad0-a3a8-57cc4d519fd8,0.0,false
118bda6e-d75a-4137-9ddf-61b2729da792,GBP,true,86a63f21-ba05-457f-afd1-aefb10607603,1b7a20e4-be5c-470d-9e10-b35f917e5d2b,0.0,false
11e8d627-008d-4db9-a106-80e3df836a03,EUR,true,86a63f21-ba05-457f-afd1-aefb10607603,460a744e-9ee2-41a8-839e-614c3cf29bc4,1762.25,false
1291765a-7f5e-41fb-8c82-fc6a18bbca88,EUR,true,86a63f21-ba05-457f-afd1-aefb10607603,3266a789-fa54-44fb-8349-f9fbbd668bff,151.05,false
140d9ea4-4eaf-4c83-aa22-9ab4cdbe3750,USD,true,86a63f21-ba05-457f-afd1-aefb10607603,5f6e7b0c-4784-4ade-9604-2cd1ce4f5045,170.0,false
1568a48e-887a-40f0-bf61-63c98bafa92f,EUR,true,86a63f21-ba05-457f-afd1-aefb10607603,0197c8c1-c7c0-4613-b498-3febbde1effe,7.5525,false
15daf39a-2557-4c39-a646-5268d188510d,GBP,true,86a63f21-ba05-457f-afd1-aefb10607603,022bc520-5c8c-4ea2-8006-2dca652805ca,20.0,false
15db2e2e-ca5e-42a2-8f4f-c36fa4e9f8ee,AUD,true,86a63f21-ba05-457f-afd1-aefb10607603,b7f19ae9-44fa-4cb4-8629-bf589069b326,241.86,false
1605ff55-6f06-48d8-85ce-480d0fc6670f,GBP,true,86a63f21-ba05-457f-afd1-aefb10607603,c1780174-9cc6-4859-b369-71afd78eae77,897.6,false
167c6b69-c0fc-4f8f-bc66-8a4a0c14ea9c,USD,true,86a63f21-ba05-457f-afd1-aefb10607603,befe212c-8410-45c8-a363-a9174317c54f,4000.0,false
16d7dc29-da4a-43e1-99ed-84c1f0d384be,GBP,true,86a63f21-ba05-457f-afd1-aefb10607603,3f21219b-4afc-4e13-8443-c1a0011bebc2,1432.0,false
16db1885-7c06-49eb-80a1-b844ae4642e2,USD,true,86a63f21-ba05-457f-afd1-aefb10607603,ce4d6ff1-79de-43b0-9afa-49612ad217fe,0.0,false
187fe6b4-27d8-432b-a861-515c4b4322d6,USD,true,86a63f21-ba05-457f-afd1-aefb10607603,4e1d00ac-6bc1-43b3-bc64-e901584c3952,1800.0,false
189f5d0b-5c4b-4866-979e-2566cb43c7db,USD,true,86a63f21-ba05-457f-afd1-aefb10607603,e05029c8-4361-452f-a475-ff84776eb732,0.0,false
18c10f0b-038f-4d4b-bf86-87a8222fa393,AUD,true,86a63f21-ba05-457f-afd1-aefb10607603,3a6afffe-f854-4420-9119-fe30f0744c2f,926.4211,false
1a201b5d-53c5-448a-8b22-21a1c9626aa0,USD,true,86a63f21-ba05-457f-afd1-aefb10607603,3e67bd96-46ee-4ca7-83fa-3ff840daf9a3,100.0,false
1a885cb8-d481-48bf-8d3d-3a8d128ef62f,USD,true,86a63f21-ba05-457f-afd1-aefb10607603,f874b6e9-5ab5-4b59-8915-2fda91708f27,0.0,false
1aa68be1-5724-4a86-9868-c8f1560a5301,USD,true,86a63f21-ba05-457f-afd1-aefb10607603,12328a0a-c947-42be-ae61-96fbd772839b,1375.6,false
1ad75db0-d63d-4d4d-b691-92c70258d6e5,AUD,true,86a63f21-ba05-457f-afd1-aefb10607603,8daca1b1-9cac-4312-b0b8-8da423334d5d,139.0,false
1afd0e52-61ef-4de3-be82-67ef6208b3dd,GBP,true,86a63f21-ba05-457f-afd1-aefb10607603,73ca077f-346c-4638-8009-cb84b6277461,800.0,false
1b73fd5c-c00e-4265-9812-6cc9c4a13a16,USD,true,86a63f21-ba05-457f-afd1-aefb10607603,5c787b6a-2e1a-4695-9b42-8a6838d71f36,150.0,false
1bdfa92a-fb27-4c0e-af37-9e3c443382da,USD,true,86a63f21-ba05-457f-afd1-aefb10607603,5e6498ee-3bd0-41d7-b336-3031a647f55b,1.0,false
1c7256df-66d2-47af-9f04-781faf8e1c04,AUD,true,86a63f21-ba05-457f-afd1-aefb10607603,b5d58a05-67cf-437a-bba8-11c2a395679f,50.04,false
1d16d703-49e6-412f-8082-c34440d5089b,GBP,true,86a63f21-ba05-457f-afd1-aefb10607603,d0f38cb5-7094-42dc-80b1-6db6794e28d1,0.0,false
1d7fb5e4-b3cd-4610-8081-b0cf9465a4b0,AUD,true,86a63f21-ba05-457f-afd1-aefb10607603,d0f38cb5-7094-42dc-80b1-6db6794e28d1,0.0,false
1ef02f97-7c0e-4d0a-9103-2e478083fe5f,AUD,true,86a63f21-ba05-457f-afd1-aefb10607603,4116e93e-3e7b-436b-8e0c-4dc86d4ccaea,11120.0,false
1f049a86-b88b-409c-bbf7-dec1fa5f2aec,AUD,true,86a63f21-ba05-457f-afd1-aefb10607603,cf258f49-8ca3-4ac9-a1aa-cf053257bd04,278.0,false
1f0d344e-c314-442a-9711-358eff73e671,USD,true,86a63f21-ba05-457f-afd1-aefb10607603,cddcfce0-eaa9-426d-86d4-a394e5aa6755,5000.0,false
1f9327bc-4e1f-4996-8a08-31f1a834c216,USD,true,86a63f21-ba05-457f-afd1-aefb10607603,03526589-f9d3-453d-95aa-8c4637644fbc,200.0,false
1f9bb3f7-7640-4c68-8f3d-dc6a102a7cb9,AUD,true,86a63f21-ba05-457f-afd1-aefb10607603,c5f4e456-6a83-4e27-9f38-9ed611ce7f01,2780.0,false
1fb9207d-2f01-4056-bcf5-f99252b5870a,AUD,true,86a63f21-ba05-457f-afd1-aefb10607603,1766e31e-851c-4a88-8a72-52ce8733e5a5,2130.87,false
1fcddbdd-9323-485a-aa1b-8fba0b9c16fc,GBP,true,86a63f21-ba05-457f-afd1-aefb10607603,22d7c410-48a4-4769-9ca1-876b8d6a263a,160.0,false
2007c83d-dcc3-4ca5-90c2-22e315be6b1e,USD,true,86a63f21-ba05-457f-afd1-aefb10607603,a787ed35-8ce9-4898-8041-7c8430d422e7,250.0,false
20dfb709-20b5-40a4-b011-cb695e4764fd,AUD,true,86a63f21-ba05-457f-afd1-aefb10607603,03526589-f9d3-453d-95aa-8c4637644fbc,278.0,false
20fe9128-bcf2-4a2c-8452-9c52ac6798ca,EUR,true,86a63f21-ba05-457f-afd1-aefb10607603,30b2099d-55b1-433d-96c5-0e3916f7814e,14.25,false
212136d5-ac9a-4128-abb0-9a37a839ba5f,EUR,true,86a63f21-ba05-457f-afd1-aefb10607603,55947eee-6bbf-45e5-a7b9-04c9d9cf4591,19000.0,false
21a59c3a-91a6-4798-a2a1-a90c29dadafe,GBP,true,86a63f21-ba05-457f-afd1-aefb10607603,5095cc90-e9e0-41b0-a52c-7e5923ec9cae,0.0,false
221e4396-4b62-4c88-b074-087219dc428e,GBP,true,86a63f21-ba05-457f-afd1-aefb10607603,cf258f49-8ca3-4ac9-a1aa-cf053257bd04,160.0,false
2263e9f5-92ed-48c8-a519-58c9c07cd987,USD,true,86a63f21-ba05-457f-afd1-aefb10607603,5095cc90-e9e0-41b0-a52c-7e5923ec9cae,0.0,false
22b2fd8f-6c4c-4471-91f4-909b39fd811a,GBP,true,86a63f21-ba05-457f-afd1-aefb10607603,532ff7f1-22ff-4d2f-90df-3fe6aec006ef,100.0,false
22d11263-e022-40a0-b27a-fb80e897bbcc,USD,true,86a63f21-ba05-457f-afd1-aefb10607603,6bfdbdd4-36f7-455b-99ec-202d6453aa4e,2400.0,false
2311c6dc-6fd3-4aa0-b143-466bdb32fc3d,GBP,true,86a63f21-ba05-457f-afd1-aefb10607603,03526589-f9d3-453d-95aa-8c4637644fbc,160.0,false
23598038-6796-43f3-8d47-8041cbdd041a,AUD,true,86a63f21-ba05-457f-afd1-aefb10607603,3118eea8-8f14-4fe9-8108-758ffb684b88,764.5,false
2404bf87-f520-4c49-a549-ac9dd1747b31,AUD,true,86a63f21-ba05-457f-afd1-aefb10607603,754808a7-5283-4070-ad9d-c8ef800fbb6e,2047.47,false
242a9604-f19e-4931-8f05-8562354b327e,GBP,true,86a63f21-ba05-457f-afd1-aefb10607603,71157ff1-4161-490a-b0dd-af17859cd6fe,20000.0,false
245f0fca-7e52-4eba-9617-4f3924095956,AUD,true,86a63f21-ba05-457f-afd1-aefb10607603,1e57fd0c-a984-4cb1-83ca-9ba0b8b57e21,695.0,false
246a3753-ce30-4de9-83cb-b13a00408aef,GBP,true,86a63f21-ba05-457f-afd1-aefb10607603,a26c0ff3-48fa-4fef-bcba-5b020eec59b4,420.0,false
2483dccb-3268-47b8-ac51-d346ea9b8366,USD,true,86a63f21-ba05-457f-afd1-aefb10607603,34301581-79fb-42b4-bdfa-cdd092152672,250.0,false
256fa31c-bedd-4a4e-bcc8-9dae735e8b60,AUD,true,86a63f21-ba05-457f-afd1-aefb10607603,240b6896-ed41-4537-9814-97fdff94d435,0.0,false
257d6092-14be-4b49-8dae-d753ec624a58,GBP,true,86a63f21-ba05-457f-afd1-aefb10607603,648af954-8d6e-4d20-ad6e-fe2f23738f9a,356.8,false
25ca03aa-49dc-433a-8f6c-33555bc5d29f,USD,true,86a63f21-ba05-457f-afd1-aefb10607603,22d7c410-48a4-4769-9ca1-876b8d6a263a,200.0,false
261be490-02db-4f9b-8045-0e27969c10c2,GBP,true,86a63f21-ba05-457f-afd1-aefb10607603,30674962-0d68-4dd6-8892-3cf9aa0ab9ba,1484.0,false
2680f97f-41b1-4068-b308-7425b35a4ae4,GBP,true,86a63f21-ba05-457f-afd1-aefb10607603,1ceef319-f65e-4660-8976-91719f77a0c5,200.0,false
27540f0e-e995-4243-9a5b-368838302071,USD,true,86a63f21-ba05-457f-afd1-aefb10607603,2771a9ae-b167-4cc7-97e9-22f107446332,25.0,false
27ab0c24-5b8c-4d80-8c05-dca42cadeda8,USD,true,86a63f21-ba05-457f-afd1-aefb10607603,99f36127-6c8f-4ccc-b9ea-97bab290bef1,0.0,false
27bb7b99-5f6a-4b33-9fc1-5aa7b7ed1be9,AUD,true,86a63f21-ba05-457f-afd1-aefb10607603,19227197-60c6-4294-b261-fd69eff93ce0,33360.0,false
296b4a92-0ad1-4e73-b384-76306645a3f2,USD,true,86a63f21-ba05-457f-afd1-aefb10607603,eaa83ea7-6ece-4fc6-a379-c808ca6fb249,80.0,false
29f66fb7-8056-45b1-930f-71c9f300831e,EUR,true,86a63f21-ba05-457f-afd1-aefb10607603,4e1d00ac-6bc1-43b3-bc64-e901584c3952,1710.0,false
2a1b28dd-43e1-4625-8a6b-94aeaa050b26,GBP,true,86a63f21-ba05-457f-afd1-aefb10607603,c51fdb21-409e-4c52-bdf3-f599291a5447,202.4,false
2a6ad9bd-8d84-4d2d-8a55-865a7a9cb8b5,USD,true,86a63f21-ba05-457f-afd1-aefb10607603,30674962-0d68-4dd6-8892-3cf9aa0ab9ba,1855.0,false
2a849d5b-76c7-4ace-a7b2-1ca416ade0d2,EUR,true,86a63f21-ba05-457f-afd1-aefb10607603,2771a9ae-b167-4cc7-97e9-22f107446332,23.75,false
2ab08f3c-7e96-4254-84eb-1b2337cf8c64,USD,true,86a63f21-ba05-457f-afd1-aefb10607603,da0e5622-6c9a-4548-8ce1-ef9fe8ebf5de,0.0,false
2abba00c-a72d-43cd-8364-a32cd550600f,AUD,true,86a63f21-ba05-457f-afd1-aefb10607603,f49c253b-5f7f-4f0b-acab-7763848653bb,347.5,false
2c9830c5-e4c3-4387-bb73-628252dbd49e,EUR,true,86a63f21-ba05-457f-afd1-aefb10607603,428f565d-f194-4e76-99e0-8e9a50823f0d,2754.05,false
2e629f67-e04c-4fb8-acf1-dbe9e13f4015,GBP,true,86a63f21-ba05-457f-afd1-aefb10607603,3a6afffe-f854-4420-9119-fe30f0744c2f,533.192,false
2ea78359-cedb-4690-beb6-d5eb3b81c1de,GBP,true,86a63f21-ba05-457f-afd1-aefb10607603,eda54479-dbac-4852-a3fc-3b901a03083e,32.8,false
304bee24-c22d-46be-a4a4-3e31c8a0031a,AUD,true,86a63f21-ba05-457f-afd1-aefb10607603,9ced9be1-75c3-4bbb-8c9e-79f365c0b4f9,1202.35,false
3105f6cd-1d74-4a4d-b30e-6c071ba1d67a,EUR,true,86a63f21-ba05-457f-afd1-aefb10607603,03614e34-adc8-473c-88d6-b6d2f79f3cd1,9500.0,false
310febdb-1216-49b3-8f4e-e4b3ecb7baa6,EUR,true,86a63f21-ba05-457f-afd1-aefb10607603,1ceef319-f65e-4660-8976-91719f77a0c5,237.5,false
3117cc0c-d2cc-4a0f-a156-78bb3d7e8521,EUR,true,86a63f21-ba05-457f-afd1-aefb10607603,90911f47-1ceb-4eb2-b454-229460f43483,484.5,false
3144a334-cba5-4bea-8222-519079bd7bd8,AUD,true,86a63f21-ba05-457f-afd1-aefb10607603,f2993e68-c289-4e1d-a8ea-57abb0640c42,139.0,false
31655b7a-e897-49bb-9974-71bf85027436,GBP,true,86a63f21-ba05-457f-afd1-aefb10607603,de904e11-828a-41cc-a6d8-8c934672ced4,8000.0,false
31e09b96-3678-4843-a8c4-ccc6970cbe4b,EUR,true,86a63f21-ba05-457f-afd1-aefb10607603,3e67bd96-46ee-4ca7-83fa-3ff840daf9a3,95.0,false
3223b10d-fd33-43b2-a354-f4ab342fa2a8,USD,true,86a63f21-ba05-457f-afd1-aefb10607603,ec13f820-0ecf-4840-b404-c6662d7e06a0,100.0,false
329a9f21-605a-4ed7-8817-1eb12f8b4f10,USD,true,86a63f21-ba05-457f-afd1-aefb10607603,930e17b5-d169-4ee6-bda9-f5f7730bd76e,17500.0,false
32a329a9-4584-4965-b7eb-93da51a4cf7d,AUD,true,86a63f21-ba05-457f-afd1-aefb10607603,f38ec1d0-8568-4b29-a2f1-a4462cedd7a7,3686.28,false
3374a67e-564d-4487-8ba4-41c2ee323490,AUD,true,86a63f21-ba05-457f-afd1-aefb10607603,befe212c-8410-45c8-a363-a9174317c54f,5560.0,false
33bd0ea8-b42a-4e24-b0d7-c3916ac726fb,EUR,true,86a63f21-ba05-457f-afd1-aefb10607603,12328a0a-c947-42be-ae61-96fbd772839b,1306.82,false
343e85cd-040f-4d06-b508-2077044372c8,GBP,true,86a63f21-ba05-457f-afd1-aefb10607603,064e2042-fd19-4458-bb55-b6a7a95c0de5,159.2,false
34a2061e-6b41-4f86-8536-ea8a0ad275f8,AUD,true,86a63f21-ba05-457f-afd1-aefb10607603,1b7a20e4-be5c-470d-9e10-b35f917e5d2b,0.0,false
358a7162-e476-407b-8033-b36c92d7da62,EUR,true,86a63f21-ba05-457f-afd1-aefb10607603,ce804259-7043-4699-8dee-6a034c62b6a4,95.0,false
35d19d58-1f8e-4430-924c-ddb4640c921c,AUD,true,86a63f21-ba05-457f-afd1-aefb10607603,0f09d5d8-7f04-402d-b119-0feec4e32060,931.3,false
35d27da7-9b5b-44d1-82ad-69e7e96de26b,EUR,true,86a63f21-ba05-457f-afd1-aefb10607603,1b7a20e4-be5c-470d-9e10-b35f917e5d2b,0.0,false
36b925ea-3211-40bc-aca5-dd2a9e31312a,AUD,true,86a63f21-ba05-457f-afd1-aefb10607603,f874b6e9-5ab5-4b59-8915-2fda91708f27,0.0,false
36f2d347-02ca-4347-998e-c288ad99b03f,EUR,true,86a63f21-ba05-457f-afd1-aefb10607603,99f36127-6c8f-4ccc-b9ea-97bab290bef1,0.0,false
37a793a9-55c8-426c-8f6f-4dea552acdff,GBP,true,86a63f21-ba05-457f-afd1-aefb10607603,7ef73605-9e77-4b79-a1d7-227134cb2255,615.6,false
381b7f8e-23a7-46ac-a1a2-bce73ba9ce74,EUR,true,86a63f21-ba05-457f-afd1-aefb10607603,b5129943-2e41-49a7-abc1-08481d290ba0,95.0,false
383d066b-e837-48a1-8a8f-ad55a64d789f,GBP,true,86a63f21-ba05-457f-afd1-aefb10607603,4116e93e-3e7b-436b-8e0c-4dc86d4ccaea,6400.0,false
38bc5262-a249-49de-94a7-6641ccb7d417,EUR,true,86a63f21-ba05-457f-afd1-aefb10607603,9ced9be1-75c3-4bbb-8c9e-79f365c0b4f9,821.75,false
38ec74d3-68de-45c2-b2d0-98924fd4077e,USD,true,86a63f21-ba05-457f-afd1-aefb10607603,6fcbf160-d45a-456a-b5f4-9fda0e99be67,225.0,false
38f9bb1c-5a70-4065-afe7-45d71c5c1129,GBP,true,86a63f21-ba05-457f-afd1-aefb10607603,28add4a5-7e13-4d07-9c74-ff9231af5641,180.0,false
39c0a5d7-0563-4ef8-88a8-cfa0365c2200,EUR,true,86a63f21-ba05-457f-afd1-aefb10607603,cf258f49-8ca3-4ac9-a1aa-cf053257bd04,190.0,false
3a64a030-d79f-4041-ab89-4d0fb315f8d7,AUD,true,86a63f21-ba05-457f-afd1-aefb10607603,5ea35f6a-6c24-4d75-bca5-2c7120780789,943.81,false
3a9fecbf-f60b-4f75-b1a6-ce9ddb027e8d,USD,true,86a63f21-ba05-457f-afd1-aefb10607603,b4fd98da-1f3c-4630-bb5e-af987e0d1466,245.0,false
3aa786fc-b721-418b-bd35-6b57194e9bbf,USD,true,86a63f21-ba05-457f-afd1-aefb10607603,c51fdb21-409e-4c52-bdf3-f599291a5447,253.0,false
3adb9ed1-8ef5-4751-a9f7-c88659797dd1,USD,true,86a63f21-ba05-457f-afd1-aefb10607603,3f21219b-4afc-4e13-8443-c1a0011bebc2,1790.0,false
3afc777b-8fa9-41f8-9851-3096bdcb30c3,EUR,true,86a63f21-ba05-457f-afd1-aefb10607603,9a02a064-befc-4903-9447-142cc5475713,4750.0,false
3c47fa61-d338-407f-9a59-320fad054810,EUR,true,86a63f21-ba05-457f-afd1-aefb10607603,b7978016-2848-457a-9c1f-abdbd92dc855,423.7,false
3c4c4b47-79ab-4faa-80d6-9732d378236e,AUD,true,86a63f21-ba05-457f-afd1-aefb10607603,022bc520-5c8c-4ea2-8006-2dca652805ca,34.75,false
3c7e99f1-205e-449b-a018-4decadafc6f9,USD,true,86a63f21-ba05-457f-afd1-aefb10607603,d0345f3d-2738-4ad0-a3a8-57cc4d519fd8,0.0,false
3ce7ed62-83d8-4c3e-99a2-96161d731040,AUD,true,86a63f21-ba05-457f-afd1-aefb10607603,555ce445-c80d-4118-ac6a-8cc0e7a58f40,3336.0,false
3cfc8d54-4631-4556-a558-e70148a6d27b,AUD,true,86a63f21-ba05-457f-afd1-aefb10607603,99e8e1be-ac47-4188-99f2-6e8a73fff59f,18.07,false
3d777bde-1908-475c-a162-cb01d15305c5,EUR,true,86a63f21-ba05-457f-afd1-aefb10607603,089f3df9-8516-42c8-8185-e3c161783fb9,2280.0,false
3e90e7c4-fa64-42e9-b89b-9e23350188dc,AUD,true,86a63f21-ba05-457f-afd1-aefb10607603,b371fe7e-f0a5-4e7f-80b5-2e9b776e36d9,139.0,false
412932f0-e600-43b7-a643-346dfdd5d396,AUD,true,86a63f21-ba05-457f-afd1-aefb10607603,99f36127-6c8f-4ccc-b9ea-97bab290bef1,0.0,false
41513956-db41-47bf-84fb-49525a583d88,AUD,true,86a63f21-ba05-457f-afd1-aefb10607603,460a744e-9ee2-41a8-839e-614c3cf29bc4,2578.45,false
41f18f98-a671-4c4d-b3b8-88c70a7b8c3b,USD,true,86a63f21-ba05-457f-afd1-aefb10607603,e1052d7a-669c-4b70-b14f-6d9264213fdd,8000.0,false
41f21382-cb35-4de0-b865-7e7ed049bc31,GBP,true,86a63f21-ba05-457f-afd1-aefb10607603,a8057612-7b3f-42b2-aeb2-f11e1d794223,240.0,false
42932742-482b-47f6-bbd9-982d2fd37487,AUD,true,86a63f21-ba05-457f-afd1-aefb10607603,629b406e-01e2-4794-9a2b-fb50cd3a1a5b,0.0,false
42cacc59-aa30-47eb-8606-633ab494447c,AUD,true,86a63f21-ba05-457f-afd1-aefb10607603,ce4d6ff1-79de-43b0-9afa-49612ad217fe,0.0,false
4329f32e-106b-437e-92ff-6f91941e0a09,AUD,true,86a63f21-ba05-457f-afd1-aefb10607603,25f2e7d3-fd63-4a68-9d13-fbdb3bb39d49,8340.0,false
439f7f2d-38d3-40a1-bb28-4fc5b3d525e6,USD,true,86a63f21-ba05-457f-afd1-aefb10607603,5ee69626-8707-4db0-93d4-ceb3cfd7c000,5000.0,false
43acb905-f5a5-40a3-a206-ff9ae00a4e3b,EUR,true,86a63f21-ba05-457f-afd1-aefb10607603,34301581-79fb-42b4-bdfa-cdd092152672,237.5,false
446a439d-d92c-4c41-9925-9217979b0037,EUR,true,86a63f21-ba05-457f-afd1-aefb10607603,15fbcac6-1c60-4218-bf20-04262fbf00f3,38.95,false
44a67eee-9fd0-44d2-8351-8fd903e8581d,GBP,true,86a63f21-ba05-457f-afd1-aefb10607603,5c787b6a-2e1a-4695-9b42-8a6838d71f36,120.0,false
4506f762-c509-46fe-a98b-0e7f462395b8,USD,true,86a63f21-ba05-457f-afd1-aefb10607603,67f7f85c-c196-4933-b918-ef99e17dfae5,2000.0,false
45408ad7-0906-497c-9121-087f880c51cf,USD,true,86a63f21-ba05-457f-afd1-aefb10607603,19227197-60c6-4294-b261-fd69eff93ce0,24000.0,false
45da4037-7776-47ea-bd86-44ec3697a91f,USD,true,86a63f21-ba05-457f-afd1-aefb10607603,eb4ed1ee-e0ba-4d2f-909b-ec033002e7d9,14000.0,false
45e2d361-e34f-4ece-918d-808f07a60266,AUD,true,86a63f21-ba05-457f-afd1-aefb10607603,1234b623-6dc3-41ff-839c-b95e77722972,4110.23,false
46567da6-c968-46e5-a5d8-a726d13625e5,GBP,true,86a63f21-ba05-457f-afd1-aefb10607603,f2993e68-c289-4e1d-a8ea-57abb0640c42,80.0,false
466cf1bb-e740-4142-86e6-9ca0db0c45a3,EUR,true,86a63f21-ba05-457f-afd1-aefb10607603,7b73ef0c-375e-409b-a4ce-d5f0a4b50ae4,47.5,false
46bac109-cab4-4413-af4e-1e972157e1cb,USD,true,86a63f21-ba05-457f-afd1-aefb10607603,b5129943-2e41-49a7-abc1-08481d290ba0,100.0,false
46da7c53-aa1e-41f4-a2aa-f9a3a6c5e079,AUD,true,86a63f21-ba05-457f-afd1-aefb10607603,de904e11-828a-41cc-a6d8-8c934672ced4,13900.0,false
46f7d516-9e26-4006-887c-8b34cded5aeb,GBP,true,86a63f21-ba05-457f-afd1-aefb10607603,dac40b15-963d-44f8-8638-5381f31e1239,7.2,false
470a9e1b-5300-4386-a272-a86c229068c7,USD,true,86a63f21-ba05-457f-afd1-aefb10607603,8d92082c-1992-4881-b65d-7b1e46fee095,2000.0,false
47313ba1-343b-46e8-87e1-67fbd884c121,USD,true,86a63f21-ba05-457f-afd1-aefb10607603,0714f848-84b5-4a9e-9953-6bef53d56cd8,29.0,false
476e2bff-a475-41ba-8153-ea3612cebe91,AUD,true,86a63f21-ba05-457f-afd1-aefb10607603,29072a16-d36f-436b-95c5-41d6fb4cf220,1611.01,false
479fba15-c3d9-4e2b-a1cb-56092fe16fac,EUR,true,86a63f21-ba05-457f-afd1-aefb10607603,f13b9cbd-02be-4140-aff8-cbf0617c9b25,4750.0,false
484efbe4-481c-4c3c-b042-5bacbc0086c7,EUR,true,86a63f21-ba05-457f-afd1-aefb10607603,c82a6f5f-1c27-4e46-b1dd-2fbaf89b5149,1223.6,false
4854de2c-3d85-4919-aa8d-b9655709a7bf,EUR,true,86a63f21-ba05-457f-afd1-aefb10607603,99e8e1be-ac47-4188-99f2-6e8a73fff59f,12.35,false
48dfc9bb-77e9-43b2-9225-c3cc256aa949,GBP,true,86a63f21-ba05-457f-afd1-aefb10607603,9a02a064-befc-4903-9447-142cc5475713,4000.0,false
48ffc6ec-37ed-45a8-b996-6a4b3551eb40,EUR,true,86a63f21-ba05-457f-afd1-aefb10607603,eb4ed1ee-e0ba-4d2f-909b-ec033002e7d9,13300.0,false
49f50ff3-d7b6-4761-9e2e-4cdfd7a43fea,GBP,true,86a63f21-ba05-457f-afd1-aefb10607603,a787ed35-8ce9-4898-8041-7c8430d422e7,200.0,false
4a2492ff-e1d2-43b3-9c5e-e77ca1edb80c,AUD,true,86a63f21-ba05-457f-afd1-aefb10607603,b1aee63c-96ac-4c99-99f8-1d5306ed8899,2641.0,false
4a50283b-9551-4148-b7eb-1f62c0768920,GBP,true,86a63f21-ba05-457f-afd1-aefb10607603,b5129943-2e41-49a7-abc1-08481d290ba0,80.0,false
4a7871f9-6f58-46c6-8e22-077dfbd3479d,EUR,true,86a63f21-ba05-457f-afd1-aefb10607603,0a711ea9-d0f9-4088-9af3-602ac9e17d43,498.75,false
4a7e7629-10f2-420f-bc50-c3e41c1f509b,EUR,true,86a63f21-ba05-457f-afd1-aefb10607603,9739c704-6569-4443-8a62-b4cdaeee1649,237.5,false
4c2ad7ae-1697-434d-99bc-a7c29ecbe7fa,EUR,true,86a63f21-ba05-457f-afd1-aefb10607603,5ee69626-8707-4db0-93d4-ceb3cfd7c000,4750.0,false
4c5d9ffc-0a29-4d4e-9b0e-1ef67d1f430a,EUR,true,86a63f21-ba05-457f-afd1-aefb10607603,4116e93e-3e7b-436b-8e0c-4dc86d4ccaea,7600.0,false
4c71faa0-0955-4bf5-a807-2ae2b698cbcf,GBP,true,86a63f21-ba05-457f-afd1-aefb10607603,5bb944f1-cbc5-49b7-a759-55ab95d1e222,0.0,false
4c78e26e-44aa-4f2d-90b1-81da2bc66a03,AUD,true,86a63f21-ba05-457f-afd1-aefb10607603,ce804259-7043-4699-8dee-6a034c62b6a4,139.0,false
4c7e102a-e911-4b22-9388-771b79d46114,GBP,true,86a63f21-ba05-457f-afd1-aefb10607603,8d3f6491-4b54-4889-991d-79d63066d045,1800.0,false
4c8b65ce-e76b-49fb-ad9e-ac7d14acc3ff,USD,true,86a63f21-ba05-457f-afd1-aefb10607603,fcfde49c-4200-47be-86b0-a7d8eb261c78,525.0,false
4d1841ff-9400-4a67-bde0-f371b4146d7e,USD,true,86a63f21-ba05-457f-afd1-aefb10607603,6929f3f4-8420-44f5-9826-ed552801a372,305.0,false
4d7ce8c7-6a8e-452e-9976-339c3df643a5,USD,true,86a63f21-ba05-457f-afd1-aefb10607603,b71860c9-c6ca-4ccc-a3ec-026cc314242b,300.0,false
4e1869d1-f6eb-4b9d-851f-3d13bab04bdf,EUR,true,86a63f21-ba05-457f-afd1-aefb10607603,28add4a5-7e13-4d07-9c74-ff9231af5641,213.75,false
4e3a7af8-5dc5-462a-99e3-de13058af78b,EUR,true,86a63f21-ba05-457f-afd1-aefb10607603,c1780174-9cc6-4859-b369-71afd78eae77,1065.9,false
4e55b2d2-2593-445d-a4ee-c51dbde446f1,EUR,true,86a63f21-ba05-457f-afd1-aefb10607603,754808a7-5283-4070-ad9d-c8ef800fbb6e,1399.35,false
4eefa127-68a3-4d8c-8cbc-b8d9d6789b72,EUR,true,86a63f21-ba05-457f-afd1-aefb10607603,e3a30657-ec19-4311-ac57-7fb9f421e9f1,0.0,false
4f0b359a-b987-45df-8f8e-b166334d8291,EUR,true,86a63f21-ba05-457f-afd1-aefb10607603,e6bdfd51-49b7-4d14-b501-896e61b1f083,94.05,false
4ff6b852-0914-4907-b6c6-2f73f796d791,AUD,true,86a63f21-ba05-457f-afd1-aefb10607603,34301581-79fb-42b4-bdfa-cdd092152672,347.5,false
509598d6-465a-4f68-8bfc-1146784da616,USD,true,86a63f21-ba05-457f-afd1-aefb10607603,70c03227-9d35-47d3-9cbf-c864848c6993,1473.0,false
51092502-d53d-4925-bc69-daa9e1103cde,EUR,true,86a63f21-ba05-457f-afd1-aefb10607603,cca8d21f-690c-4cb0-9409-ccf7b6bd84dd,2375.0,false
511d5361-3a8a-4b48-9c32-fb1a86dc8648,GBP,true,86a63f21-ba05-457f-afd1-aefb10607603,5f041dd1-49ba-4b56-8682-84bf13c1259c,480.0,false
51547156-faf8-43e8-ac59-706b8589d642,EUR,true,86a63f21-ba05-457f-afd1-aefb10607603,15819bad-bacb-4892-bd6b-9e66c54f937b,1900.0,false
51a4f80b-37cc-4c4f-8a3f-7c8afe81e2fc,AUD,true,86a63f21-ba05-457f-afd1-aefb10607603,28add4a5-7e13-4d07-9c74-ff9231af5641,312.75,false
51a5464f-ae1a-487f-b555-029b4cf20914,GBP,true,86a63f21-ba05-457f-afd1-aefb10607603,99f36127-6c8f-4ccc-b9ea-97bab290bef1,0.0,false
53277b0e-2ed4-465f-a797-93bfdc494a31,USD,true,86a63f21-ba05-457f-afd1-aefb10607603,4116e93e-3e7b-436b-8e0c-4dc86d4ccaea,8000.0,false
54306a0b-75bc-4816-8110-db6c8dafa614,AUD,true,86a63f21-ba05-457f-afd1-aefb10607603,25c7daac-63cb-49dc-83c9-5861d254e8f5,1390.0,false
54391c71-1b29-4e75-bcac-382656c4acc8,GBP,true,86a63f21-ba05-457f-afd1-aefb10607603,e56f1f6f-3d44-4ec9-bbb6-cc42d9ede886,4494.984,false
54672883-8407-4868-8af1-5efdf44d6eab,AUD,true,86a63f21-ba05-457f-afd1-aefb10607603,416137f3-cc45-4545-8082-b6e8d357c86e,20850.0,false
546893f4-f081-4851-a82b-ffa87cc78b55,EUR,true,86a63f21-ba05-457f-afd1-aefb10607603,6bfdbdd4-36f7-455b-99ec-202d6453aa4e,2280.0,false
55119894-cdaf-4831-abbe-135f202e303d,EUR,true,86a63f21-ba05-457f-afd1-aefb10607603,a3a12d16-5ee0-4d73-9c04-e35eab7a9e9c,47.5,false
55584c0f-7cb4-449f-9a78-3935e47482a1,AUD,true,86a63f21-ba05-457f-afd1-aefb10607603,d770d095-b686-4681-a3e0-5a3713d20267,139.0,false
555be216-1e61-4e77-8cf2-0617d4ac97bd,AUD,true,86a63f21-ba05-457f-afd1-aefb10607603,3114e63a-07e3-46fb-a39d-93590f0b7103,208.5,false
5566c90e-de23-41b3-ba71-c5e761756458,EUR,true,86a63f21-ba05-457f-afd1-aefb10607603,1800c09a-ab62-4e5f-a11b-43f6def41978,1900.0,false
557e85f9-05a4-4f95-b05f-17ec01752f16,AUD,true,86a63f21-ba05-457f-afd1-aefb10607603,30b2099d-55b1-433d-96c5-0e3916f7814e,20.85,false
559e5be2-2d91-4cb9-9768-d1da895099a6,USD,true,86a63f21-ba05-457f-afd1-aefb10607603,edb6756e-e42d-43ec-ba57-2f8d3daf1c82,12000.0,false
55d3bdf9-e591-4acd-be59-e9aaadb1a636,USD,true,86a63f21-ba05-457f-afd1-aefb10607603,d0f38cb5-7094-42dc-80b1-6db6794e28d1,0.0,false
562360bd-ddc3-4598-a367-4f245dd7ae3f,USD,true,86a63f21-ba05-457f-afd1-aefb10607603,de904e11-828a-41cc-a6d8-8c934672ced4,10000.0,false
56249820-2bba-4de6-8246-e1d34cd6d7aa,GBP,true,86a63f21-ba05-457f-afd1-aefb10607603,4e1d00ac-6bc1-43b3-bc64-e901584c3952,1440.0,false
562df8eb-8f2d-4178-9a66-7b7b47f5fc67,AUD,true,86a63f21-ba05-457f-afd1-aefb10607603,e6bdfd51-49b7-4d14-b501-896e61b1f083,137.61,false
56903d27-a68d-4e15-9b76-9c097456a3eb,GBP,true,86a63f21-ba05-457f-afd1-aefb10607603,fe01dbf1-f323-4417-b9f4-39e9ed79a887,48.0,false
56d7bc13-151a-4caa-ad61-351323d7ccec,AUD,true,86a63f21-ba05-457f-afd1-aefb10607603,69fe359b-9fb4-4ce0-b573-4176afce6223,554.61,false
5724cef7-3bfd-45a4-b6f5-99b69008086c,GBP,true,86a63f21-ba05-457f-afd1-aefb10607603,25c7daac-63cb-49dc-83c9-5861d254e8f5,800.0,false
57af5c3e-325e-43ff-aa87-860c29436673,AUD,true,86a63f21-ba05-457f-afd1-aefb10607603,b7236800-fe66-4535-ab97-23b74fba66a8,0.0,false
57fd8839-e808-4634-9aa7-21e3e64eee8d,AUD,true,86a63f21-ba05-457f-afd1-aefb10607603,9739c704-6569-4443-8a62-b4cdaeee1649,347.5,false
586deb66-25e3-4e7d-9903-53f3f73bde20,GBP,true,86a63f21-ba05-457f-afd1-aefb10607603,69ce26ff-c154-49c0-8f63-a8f99943a47c,692.0,false
58a8fac4-0e6b-46ed-9aee-7c455edd4289,GBP,true,86a63f21-ba05-457f-afd1-aefb10607603,55947eee-6bbf-45e5-a7b9-04c9d9cf4591,16000.0,false
58e458b2-51f8-4e70-bd50-c8e570426ffd,GBP,true,86a63f21-ba05-457f-afd1-aefb10607603,c6986fb6-6c9d-4f9d-a385-acb8f80b53d4,648.0,false
59ebea03-c788-477c-95ef-f292c5b1f5b7,GBP,true,86a63f21-ba05-457f-afd1-aefb10607603,edb6756e-e42d-43ec-ba57-2f8d3daf1c82,9600.0,false
5a5d1556-0dd3-4a7f-a32f-a0762d40323f,EUR,true,86a63f21-ba05-457f-afd1-aefb10607603,ac66435b-af45-44de-9f11-929d14409f50,190.0,false
5a765bdc-f7dc-48a7-9502-d65bb097555a,AUD,true,86a63f21-ba05-457f-afd1-aefb10607603,ec13f820-0ecf-4840-b404-c6662d7e06a0,139.0,false
5b10c881-0661-43e3-8b00-9405b2f6f0eb,EUR,true,86a63f21-ba05-457f-afd1-aefb10607603,f2993e68-c289-4e1d-a8ea-57abb0640c42,95.0,false
5b3bacfa-6521-4092-8291-c1a1a9ca24fe,GBP,true,86a63f21-ba05-457f-afd1-aefb10607603,6a965800-e740-4990-86fe-b6974c9f6327,800.0,false
5b470a35-be05-4100-82b0-2da5c92c8946,USD,true,86a63f21-ba05-457f-afd1-aefb10607603,3266a789-fa54-44fb-8349-f9fbbd668bff,159.0,false
5b5dea78-e046-4b84-916d-72a76405fd0a,GBP,true,86a63f21-ba05-457f-afd1-aefb10607603,37dc4b48-9af2-4506-a0b0-ef84e05f6a90,80.0,false
5b9a3af7-d0ab-433f-9a85-f4ed1f5277af,GBP,true,86a63f21-ba05-457f-afd1-aefb10607603,36ecccc5-4778-45f1-ad24-2dab7eecc6d7,160.0,false
5bbd7287-a0bd-4021-9163-605083216f09,EUR,true,86a63f21-ba05-457f-afd1-aefb10607603,f38ec1d0-8568-4b29-a2f1-a4462cedd7a7,2519.4,false
5c5a0192-d747-4024-8199-1719b79bc1d9,USD,true,86a63f21-ba05-457f-afd1-aefb10607603,b7f19ae9-44fa-4cb4-8629-bf589069b326,174.0,false
5c7a34f8-bac1-4baf-924d-37d2b545541d,EUR,true,86a63f21-ba05-457f-afd1-aefb10607603,de904e11-828a-41cc-a6d8-8c934672ced4,9500.0,false
5c9bf264-7f38-4025-83f3-b3014dd065e1,GBP,true,86a63f21-ba05-457f-afd1-aefb10607603,742b98a5-0b7c-4621-ae25-b23f29b978e1,897.6,false
5cca215a-39ec-46d0-a6af-7fad1697f292,USD,true,86a63f21-ba05-457f-afd1-aefb10607603,28add4a5-7e13-4d07-9c74-ff9231af5641,225.0,false
5dbc60d4-d36a-462b-a798-4f60719a6dfa,USD,true,86a63f21-ba05-457f-afd1-aefb10607603,5f041dd1-49ba-4b56-8682-84bf13c1259c,600.0,false
5dc5ddc1-b3e9-45db-8498-35e0ff3cef5a,EUR,true,86a63f21-ba05-457f-afd1-aefb10607603,ba56ff8c-3272-48ce-bfc0-507222e5420a,237.5,false
5ec3ea76-48ac-41bc-bca2-7b5a2602a52d,EUR,true,86a63f21-ba05-457f-afd1-aefb10607603,3114e63a-07e3-46fb-a39d-93590f0b7103,142.5,false
5f41e839-c457-4b1f-b9eb-e1ef0a8259a1,GBP,true,86a63f21-ba05-457f-afd1-aefb10607603,2f7a9af7-50ff-4a65-875d-e3a7f4226227,80.0,false
600831a9-f462-4468-886b-5f8fc16b00f0,GBP,true,86a63f21-ba05-457f-afd1-aefb10607603,5f6e7b0c-4784-4ade-9604-2cd1ce4f5045,136.0,false
60125101-5d0f-406a-a0c8-a18c237620f6,AUD,true,86a63f21-ba05-457f-afd1-aefb10607603,9cbfdfe4-8ac7-46ff-b2fd-67c5e741b9c4,415.61,false
60a55c38-d06f-4b02-a9ee-138628a6d5d6,AUD,true,86a63f21-ba05-457f-afd1-aefb10607603,f9cf99a9-23e4-40d8-aadf-72013ccf0b7c,69.5,false
60f8061c-d297-4808-9cc7-1c2b779acf99,USD,true,86a63f21-ba05-457f-afd1-aefb10607603,9739c704-6569-4443-8a62-b4cdaeee1649,250.0,false
6197c00c-dba6-4581-9d00-08f55823ea73,EUR,true,86a63f21-ba05-457f-afd1-aefb10607603,5bb944f1-cbc5-49b7-a759-55ab95d1e222,0.0,false
61b0f5af-4c6c-4808-b0d0-193a902f0d2c,EUR,true,86a63f21-ba05-457f-afd1-aefb10607603,e05029c8-4361-452f-a475-ff84776eb732,0.0,false
62094bf3-9a3a-4743-ab1b-81f876b5fa58,AUD,true,86a63f21-ba05-457f-afd1-aefb10607603,e05029c8-4361-452f-a475-ff84776eb732,0.0,false
6209aa35-95b2-4036-b864-8af1d422bb86,USD,true,86a63f21-ba05-457f-afd1-aefb10607603,dac40b15-963d-44f8-8638-5381f31e1239,9.0,false
62c41b23-d067-4c35-a634-258248f00fd1,EUR,true,86a63f21-ba05-457f-afd1-aefb10607603,b7236800-fe66-4535-ab97-23b74fba66a8,0.0,false
62d48127-d8a8-446a-9cf4-6d7835f53ff4,EUR,true,86a63f21-ba05-457f-afd1-aefb10607603,fe01dbf1-f323-4417-b9f4-39e9ed79a887,57.0,false
632420d4-b5cb-4828-9512-eba4cdb2b862,USD,true,86a63f21-ba05-457f-afd1-aefb10607603,be36a53f-c9a1-4d22-b576-93da5600e2df,266.0,false
63247eb0-16fd-4f39-a845-b1d9e5343b58,EUR,true,86a63f21-ba05-457f-afd1-aefb10607603,416137f3-cc45-4545-8082-b6e8d357c86e,14250.0,false
63b5acb7-d5d3-4cef-9601-e3f4258964a6,GBP,true,86a63f21-ba05-457f-afd1-aefb10607603,befe212c-8410-45c8-a363-a9174317c54f,3200.0,false
63fc45e7-0f1e-428a-a9be-599c910b98be,USD,true,86a63f21-ba05-457f-afd1-aefb10607603,fe01dbf1-f323-4417-b9f4-39e9ed79a887,60.0,false
6410a09c-de99-432a-8d6f-96f77912ac69,GBP,true,86a63f21-ba05-457f-afd1-aefb10607603,c6a75cfd-82de-40cf-b6f7-54cb6777b042,8.0,false
64a669e2-1b27-4de3-b390-de68f7684416,EUR,true,86a63f21-ba05-457f-afd1-aefb10607603,629b406e-01e2-4794-9a2b-fb50cd3a1a5b,0.0,false
64e3b3c8-8ad6-43a8-b185-1fe532aae469,USD,true,86a63f21-ba05-457f-afd1-aefb10607603,6a965800-e740-4990-86fe-b6974c9f6327,1000.0,false
651c4448-5e90-4741-9f98-9f2dbb98fb26,AUD,true,86a63f21-ba05-457f-afd1-aefb10607603,467a50b1-84a4-4d99-8eab-3be5f3ff6b18,764.5,false
659e58f0-2178-4e59-8a93-68115c6d5506,GBP,true,86a63f21-ba05-457f-afd1-aefb10607603,f874b6e9-5ab5-4b59-8915-2fda91708f27,0.0,false
65ee6b70-136f-4095-a524-611cc6c6bbfe,AUD,true,86a63f21-ba05-457f-afd1-aefb10607603,9eef1dd3-5650-4f15-b15a-214b1d02b692,20850.0,false
66199efb-9a9b-4adb-8f93-afb6c0279752,USD,true,86a63f21-ba05-457f-afd1-aefb10607603,29072a16-d36f-436b-95c5-41d6fb4cf220,1159.0,false
664f4a41-5142-4a57-9073-9ed2754aaaa5,GBP,true,86a63f21-ba05-457f-afd1-aefb10607603,ef84293c-ba34-4c42-aa3a-65ebc2926c15,80.0,false
670a8d72-1e30-4ae1-8cb8-5e5a2e646965,USD,true,86a63f21-ba05-457f-afd1-aefb10607603,ba56ff8c-3272-48ce-bfc0-507222e5420a,250.0,false
670aea77-ce6f-4ef7-8433-2fcee77638cc,AUD,true,86a63f21-ba05-457f-afd1-aefb10607603,0a711ea9-d0f9-4088-9af3-602ac9e17d43,729.75,false
678ff24a-61b9-4325-9bfe-50cb3cfab48a,EUR,true,86a63f21-ba05-457f-afd1-aefb10607603,3516f7a7-1814-41f7-bad8-0de6475fd208,2470.0,false
6799f5a6-7e97-46f3-b451-e93053d00946,USD,true,86a63f21-ba05-457f-afd1-aefb10607603,c6a75cfd-82de-40cf-b6f7-54cb6777b042,10.0,false
6829c01a-03b4-4d01-be5e-1e7195dc83a1,USD,true,86a63f21-ba05-457f-afd1-aefb10607603,b998ab68-6ac3-47f1-b776-50f7b178f403,0.0,false
683e77d4-f79c-48ff-9a8b-ca675660fbf3,GBP,true,86a63f21-ba05-457f-afd1-aefb10607603,e1052d7a-669c-4b70-b14f-6d9264213fdd,6400.0,false
68fcf34c-4ff2-4a74-a937-ea1db072752a,AUD,true,86a63f21-ba05-457f-afd1-aefb10607603,4fb1c6f8-3819-4003-a5ac-c13ed2357645,312.75,false
69575fd7-0fc4-41c9-b361-3ed582b67af5,EUR,true,86a63f21-ba05-457f-afd1-aefb10607603,5ea35f6a-6c24-4d75-bca5-2c7120780789,645.05,false
6b2bb243-41b8-4570-8ab3-f4283f318234,AUD,true,86a63f21-ba05-457f-afd1-aefb10607603,4cdc7bba-61db-4016-b72d-d9614d2f0cca,9730.0,false
6b5b1f12-cbaf-4279-a89d-ae7e42d6291a,AUD,true,86a63f21-ba05-457f-afd1-aefb10607603,71157ff1-4161-490a-b0dd-af17859cd6fe,34750.0,false
6bf6c6bb-5a58-48d2-885e-2d3a5d0f6aab,EUR,true,86a63f21-ba05-457f-afd1-aefb10607603,8d3f6491-4b54-4889-991d-79d63066d045,2137.5,false
6c58ac30-20a7-40db-9f32-96e0e3edc53e,EUR,true,86a63f21-ba05-457f-afd1-aefb10607603,2f7a9af7-50ff-4a65-875d-e3a7f4226227,95.0,false
6d5040b2-b1ed-4070-8689-32a6029ae316,EUR,true,86a63f21-ba05-457f-afd1-aefb10607603,5f6e7b0c-4784-4ade-9604-2cd1ce4f5045,161.5,false
6dda5875-e5a5-4280-b20c-b1ecbe7f75f0,GBP,true,86a63f21-ba05-457f-afd1-aefb10607603,9cbfdfe4-8ac7-46ff-b2fd-67c5e741b9c4,239.2,false
6e77d7f2-45f8-45b8-a7a6-65200b33c2aa,EUR,true,86a63f21-ba05-457f-afd1-aefb10607603,da0e5622-6c9a-4548-8ce1-ef9fe8ebf5de,0.0,false
6f201d02-b490-4ba2-a413-6a2e553ba5fa,AUD,true,86a63f21-ba05-457f-afd1-aefb10607603,e56f1f6f-3d44-4ec9-bbb6-cc42d9ede886,7810.0347,false
6fb1d083-9b8e-4dc2-bfa1-ccadbe5e7b4b,AUD,true,86a63f21-ba05-457f-afd1-aefb10607603,a26c0ff3-48fa-4fef-bcba-5b020eec59b4,729.75,false
6ffbfdea-8977-407c-a488-375e44a02c15,AUD,true,86a63f21-ba05-457f-afd1-aefb10607603,be36a53f-c9a1-4d22-b576-93da5600e2df,369.74,false
7009c0b3-7dd5-48ab-876c-5385d9e54911,USD,true,86a63f21-ba05-457f-afd1-aefb10607603,629b406e-01e2-4794-9a2b-fb50cd3a1a5b,0.0,false
70267928-27d3-4d56-a5b3-7419eca8f37f,GBP,true,86a63f21-ba05-457f-afd1-aefb10607603,5e6498ee-3bd0-41d7-b336-3031a647f55b,0.8,false
70de82c7-1a3e-4ecc-9e44-751e51c754d1,EUR,true,86a63f21-ba05-457f-afd1-aefb10607603,eaa83ea7-6ece-4fc6-a379-c808ca6fb249,76.0,false
70f3422a-cf1b-4ea7-93d5-856c0b60955a,USD,true,86a63f21-ba05-457f-afd1-aefb10607603,2f7a9af7-50ff-4a65-875d-e3a7f4226227,100.0,false
710ef436-7974-47f5-80f5-6061a6172f1d,EUR,true,86a63f21-ba05-457f-afd1-aefb10607603,532ff7f1-22ff-4d2f-90df-3fe6aec006ef,118.75,false
7190ccc9-bc45-445d-a98b-9f45aa9a0af7,GBP,true,86a63f21-ba05-457f-afd1-aefb10607603,9739c704-6569-4443-8a62-b4cdaeee1649,200.0,false
72855212-215f-4050-b58b-16722ca90bf7,AUD,true,86a63f21-ba05-457f-afd1-aefb10607603,a787ed35-8ce9-4898-8041-7c8430d422e7,347.5,false
7336fa47-f2cc-4693-93e1-8a6976b0e692,AUD,true,86a63f21-ba05-457f-afd1-aefb10607603,2fd1d1cc-caff-451c-b8d2-fb83e0249f69,416.9861,false
734a5a8c-92f0-4e59-a7ac-8e865307c551,GBP,true,86a63f21-ba05-457f-afd1-aefb10607603,4cdc7bba-61db-4016-b72d-d9614d2f0cca,5600.0,false
73cbcbf1-496a-4cfb-9eae-2b3450fd70c3,AUD,true,86a63f21-ba05-457f-afd1-aefb10607603,22d7c410-48a4-4769-9ca1-876b8d6a263a,278.0,false
7424c176-668f-40d8-b206-cc76e1dd2395,USD,true,86a63f21-ba05-457f-afd1-aefb10607603,f13b9cbd-02be-4140-aff8-cbf0617c9b25,5000.0,false
746b8125-ed20-4c85-9e8b-ce2402ebd20b,GBP,true,86a63f21-ba05-457f-afd1-aefb10607603,3a1f9412-e4c5-4177-90ea-6569f32a664c,9.6,false
74b85bae-fab0-4b61-a88e-3968a51a6ef9,USD,true,86a63f21-ba05-457f-afd1-aefb10607603,71157ff1-4161-490a-b0dd-af17859cd6fe,25000.0,false
75471336-ad79-4a51-b082-c0ed5c338f28,AUD,true,86a63f21-ba05-457f-afd1-aefb10607603,eb4ed1ee-e0ba-4d2f-909b-ec033002e7d9,19460.0,false
75b209e4-017a-49fe-9cf7-ac78a54b787d,AUD,true,86a63f21-ba05-457f-afd1-aefb10607603,062d0221-24ae-4037-9aae-180af606c12e,351.67,false
75c9e32b-4115-41f4-907f-6343df7222cf,USD,true,86a63f21-ba05-457f-afd1-aefb10607603,69ce26ff-c154-49c0-8f63-a8f99943a47c,865.0,false
75d8ef0d-4fde-484d-9a80-1cd3ee7919e5,GBP,true,86a63f21-ba05-457f-afd1-aefb10607603,460a744e-9ee2-41a8-839e-614c3cf29bc4,1484.0,false
76993947-f509-49b1-aad7-66584a6970e2,USD,true,86a63f21-ba05-457f-afd1-aefb10607603,d770d095-b686-4681-a3e0-5a3713d20267,100.0,false
7746f74a-6389-4a8c-b3f4-83fa2629e613,EUR,true,86a63f21-ba05-457f-afd1-aefb10607603,6929f3f4-8420-44f5-9826-ed552801a372,289.75,false
77650337-404e-4d72-8576-226ddd91e0d2,USD,true,86a63f21-ba05-457f-afd1-aefb10607603,9cbfdfe4-8ac7-46ff-b2fd-67c5e741b9c4,299.0,false
777d9dfd-329d-415c-a60a-98ec9b70259e,EUR,true,86a63f21-ba05-457f-afd1-aefb10607603,29072a16-d36f-436b-95c5-41d6fb4cf220,1101.05,false
77a4c4ea-8886-4b15-b6cc-c5984a028d87,USD,true,86a63f21-ba05-457f-afd1-aefb10607603,15819bad-bacb-4892-bd6b-9e66c54f937b,2000.0,false
7839f787-cd5c-4be6-b34d-f3e6383c3f4e,GBP,true,86a63f21-ba05-457f-afd1-aefb10607603,e05029c8-4361-452f-a475-ff84776eb732,0.0,false
784483df-55da-42d6-87d5-4a3fc699ed19,AUD,true,86a63f21-ba05-457f-afd1-aefb10607603,f13b9cbd-02be-4140-aff8-cbf0617c9b25,6950.0,false
78598c78-82b3-4f81-8789-c750ea416a6f,GBP,true,86a63f21-ba05-457f-afd1-aefb10607603,b3675806-912b-46ee-b8fd-a37d471b3708,80.0,false
79209da9-1a83-49b6-844f-38b2764912a8,USD,true,86a63f21-ba05-457f-afd1-aefb10607603,e22a9261-ae0e-4270-81d4-32da3293edf9,5000.0,false
7968dfa4-9c36-42bf-a057-9bc7f703344e,AUD,true,86a63f21-ba05-457f-afd1-aefb10607603,3516f7a7-1814-41f7-bad8-0de6475fd208,3614.0,false
7a5eb293-3b53-4470-8af7-a84550c344fe,USD,true,86a63f21-ba05-457f-afd1-aefb10607603,240b6896-ed41-4537-9814-97fdff94d435,0.0,false
7b744b15-344a-4dca-9019-4459986d6046,GBP,true,86a63f21-ba05-457f-afd1-aefb10607603,ce804259-7043-4699-8dee-6a034c62b6a4,80.0,false
7d045906-95fc-4da4-a500-bb0040dd8d14,USD,true,86a63f21-ba05-457f-afd1-aefb10607603,3114e63a-07e3-46fb-a39d-93590f0b7103,150.0,false
7d17db97-03bd-4ab6-a9d3-df962ec26240,USD,true,86a63f21-ba05-457f-afd1-aefb10607603,1e57fd0c-a984-4cb1-83ca-9ba0b8b57e21,500.0,false
7e751c3e-cebe-47b0-bd8a-bc089aa4100b,AUD,true,86a63f21-ba05-457f-afd1-aefb10607603,cca6f345-fea9-4ea0-89cf-42e4b0c05587,16680.0,false
7eab99e6-96f1-49bc-8eb4-cc6561ae0b17,USD,true,86a63f21-ba05-457f-afd1-aefb10607603,4cdc7bba-61db-4016-b72d-d9614d2f0cca,7000.0,false
7f814a00-231a-42fd-a977-f44c7dbd59f1,GBP,true,86a63f21-ba05-457f-afd1-aefb10607603,b4fd98da-1f3c-4630-bb5e-af987e0d1466,196.0,false
7f886ff2-750c-4bd5-a520-874ce065ea5e,USD,true,86a63f21-ba05-457f-afd1-aefb10607603,594ff283-25c3-4fe4-94ac-da3214c5ff14,500.0,false
7fd3429d-593a-42ea-969e-078bed748ecd,USD,true,86a63f21-ba05-457f-afd1-aefb10607603,b3675806-912b-46ee-b8fd-a37d471b3708,100.0,false
801960a3-0b05-4b75-9691-292c180e9ee2,USD,true,86a63f21-ba05-457f-afd1-aefb10607603,a3a12d16-5ee0-4d73-9c04-e35eab7a9e9c,50.0,false
804cef2f-89e5-4e3b-a570-a8a2bba5db7e,GBP,true,86a63f21-ba05-457f-afd1-aefb10607603,e22a9261-ae0e-4270-81d4-32da3293edf9,4000.0,false
80a62b71-8ca6-4f06-8968-775a6e02cfd1,AUD,true,86a63f21-ba05-457f-afd1-aefb10607603,6929f3f4-8420-44f5-9826-ed552801a372,423.95,false
80d34a1a-a333-4747-bca3-778abf2fc02d,USD,true,86a63f21-ba05-457f-afd1-aefb10607603,37dc4b48-9af2-4506-a0b0-ef84e05f6a90,100.0,false
813da4ae-0d00-4af7-b601-074164145c89,GBP,true,86a63f21-ba05-457f-afd1-aefb10607603,cca6f345-fea9-4ea0-89cf-42e4b0c05587,9600.0,false
8174be02-2c8a-438d-9de2-2a1c42f8dc0d,GBP,true,86a63f21-ba05-457f-afd1-aefb10607603,70c03227-9d35-47d3-9cbf-c864848c6993,1178.4,false
81785e70-f136-4e09-98da-7e53c45fc0b2,AUD,true,86a63f21-ba05-457f-afd1-aefb10607603,15819bad-bacb-4892-bd6b-9e66c54f937b,2780.0,false
827773b7-55ad-42e9-8306-55ff5f8c62bd,GBP,true,86a63f21-ba05-457f-afd1-aefb10607603,482e60d1-bc17-4dee-a60a-8ddd59830b1d,159.2,false
82912dac-ac83-4b2c-be0f-29a8a4859871,USD,true,86a63f21-ba05-457f-afd1-aefb10607603,cca8d21f-690c-4cb0-9409-ccf7b6bd84dd,2500.0,false
82ccd8b0-a388-40b1-8f0e-4bfeae5e6b03,EUR,true,86a63f21-ba05-457f-afd1-aefb10607603,0f09d5d8-7f04-402d-b119-0feec4e32060,636.5,false
8302a25c-1982-48fd-a7a3-190d42cf5e10,USD,true,86a63f21-ba05-457f-afd1-aefb10607603,e3a30657-ec19-4311-ac57-7fb9f421e9f1,0.0,false
83e96139-b88f-4950-939b-c485a1efcc98,GBP,true,86a63f21-ba05-457f-afd1-aefb10607603,3114e63a-07e3-46fb-a39d-93590f0b7103,120.0,false
843cad7a-4ecc-42c3-b931-0e7b7c77687a,USD,true,86a63f21-ba05-457f-afd1-aefb10607603,72493b03-c012-4c44-a442-1fc4a165ecb5,5500.0,false
84ec9cd2-2717-4e90-a47d-5e1fc43766e4,AUD,true,86a63f21-ba05-457f-afd1-aefb10607603,686e5e1b-cbe3-4cd6-b44f-766adbf6a14b,6.95,false
85223f77-ba8f-4435-8009-856e35dae5fa,USD,true,86a63f21-ba05-457f-afd1-aefb10607603,9a02a064-befc-4903-9447-142cc5475713,5000.0,false
85a40f94-0b62-4101-8517-11300059964a,GBP,true,86a63f21-ba05-457f-afd1-aefb10607603,b7f19ae9-44fa-4cb4-8629-bf589069b326,139.2,false
85a9c0f6-bb90-4ccb-815a-1943e4ddc128,AUD,true,86a63f21-ba05-457f-afd1-aefb10607603,edb6756e-e42d-43ec-ba57-2f8d3daf1c82,16680.0,false
85fcc330-1122-4c34-a77e-99174f827254,USD,true,86a63f21-ba05-457f-afd1-aefb10607603,25f2e7d3-fd63-4a68-9d13-fbdb3bb39d49,6000.0,false
8647a55b-de44-449f-8d2c-7de5800f970b,AUD,true,86a63f21-ba05-457f-afd1-aefb10607603,36ecccc5-4778-45f1-ad24-2dab7eecc6d7,278.0,false
86d57bd1-3e0c-40a2-8e50-9f9212a6b15b,AUD,true,86a63f21-ba05-457f-afd1-aefb10607603,cddcfce0-eaa9-426d-86d4-a394e5aa6755,6950.0,false
87566116-4edf-466b-a769-1e29cd43e61e,AUD,true,86a63f21-ba05-457f-afd1-aefb10607603,5f6e7b0c-4784-4ade-9604-2cd1ce4f5045,236.3,false
87f28f54-28dc-48f5-99e9-3be3e64f7fd9,EUR,true,86a63f21-ba05-457f-afd1-aefb10607603,742b98a5-0b7c-4621-ae25-b23f29b978e1,1065.9,false
8842a8c4-4df2-4676-b7ef-59e476684ce3,USD,true,86a63f21-ba05-457f-afd1-aefb10607603,f9cf99a9-23e4-40d8-aadf-72013ccf0b7c,50.0,false
886b394b-cbbb-449d-96d1-2b1edfe5adac,USD,true,86a63f21-ba05-457f-afd1-aefb10607603,f2993e68-c289-4e1d-a8ea-57abb0640c42,100.0,false
891bae9d-c589-406e-abed-6c9c898d4212,AUD,true,86a63f21-ba05-457f-afd1-aefb10607603,a8057612-7b3f-42b2-aeb2-f11e1d794223,417.0,false
89e2c4b8-b094-4bd7-adc1-45e5c543e121,GBP,true,86a63f21-ba05-457f-afd1-aefb10607603,2771a9ae-b167-4cc7-97e9-22f107446332,20.0,false
8a06ec1a-5062-4ede-a9d5-f1e76614da2c,EUR,true,86a63f21-ba05-457f-afd1-aefb10607603,8daca1b1-9cac-4312-b0b8-8da423334d5d,95.0,false
8a56f33d-f01e-4072-a7dd-afa2c7518433,GBP,true,86a63f21-ba05-457f-afd1-aefb10607603,b7978016-2848-457a-9c1f-abdbd92dc855,356.8,false
8b3b7b3b-c297-4adf-8a2b-0158ccb021b4,GBP,true,86a63f21-ba05-457f-afd1-aefb10607603,cddcfce0-eaa9-426d-86d4-a394e5aa6755,4000.0,false
8bc2af10-53fb-4603-a686-a774daff2a8d,AUD,true,86a63f21-ba05-457f-afd1-aefb10607603,90911f47-1ceb-4eb2-b454-229460f43483,708.9,false
8bdef631-82b0-481a-9b90-a8a2091cedda,EUR,true,86a63f21-ba05-457f-afd1-aefb10607603,edb6756e-e42d-43ec-ba57-2f8d3daf1c82,11400.0,false
8c0dab3c-02f7-428f-83cb-e6ba55796b5b,GBP,true,86a63f21-ba05-457f-afd1-aefb10607603,240b6896-ed41-4537-9814-97fdff94d435,0.0,false
8ca80eaa-6fc0-4d2d-97fa-bedb016d1d5e,EUR,true,86a63f21-ba05-457f-afd1-aefb10607603,67f7f85c-c196-4933-b918-ef99e17dfae5,1900.0,false
8cb00e10-7ff4-4ec0-8740-cb396e9398f0,AUD,true,86a63f21-ba05-457f-afd1-aefb10607603,5ee69626-8707-4db0-93d4-ceb3cfd7c000,6950.0,false
8d107814-edb3-45db-b522-a01d443fb46b,GBP,true,86a63f21-ba05-457f-afd1-aefb10607603,0f09d5d8-7f04-402d-b119-0feec4e32060,536.0,false
8d41c0a0-dd84-4856-8687-e8cb52524f8b,USD,true,86a63f21-ba05-457f-afd1-aefb10607603,9ced9be1-75c3-4bbb-8c9e-79f365c0b4f9,865.0,false
8d479850-fff4-4504-b693-2285026f5f7e,EUR,true,86a63f21-ba05-457f-afd1-aefb10607603,5095cc90-e9e0-41b0-a52c-7e5923ec9cae,0.0,false
8dd79931-ca11-4479-9e24-1ae8fa173285,AUD,true,86a63f21-ba05-457f-afd1-aefb10607603,c82a6f5f-1c27-4e46-b1dd-2fbaf89b5149,1790.32,false
8e7c1b29-0d42-4635-b7e9-639b33e4e2c5,AUD,true,86a63f21-ba05-457f-afd1-aefb10607603,70c03227-9d35-47d3-9cbf-c864848c6993,2047.47,false
8e8e5fab-c512-4945-b358-a4e7273557b4,EUR,true,86a63f21-ba05-457f-afd1-aefb10607603,fcfde49c-4200-47be-86b0-a7d8eb261c78,498.75,false
8f8743c9-1174-45ee-9ddb-9bd5929268f9,EUR,true,86a63f21-ba05-457f-afd1-aefb10607603,240b6896-ed41-4537-9814-97fdff94d435,0.0,false
9012ca9a-1f3d-4b9e-8d21-46f40bd87dd3,USD,true,86a63f21-ba05-457f-afd1-aefb10607603,648af954-8d6e-4d20-ad6e-fe2f23738f9a,446.0,false
9046eb20-64a7-4f9b-b569-670b75ed6772,AUD,true,86a63f21-ba05-457f-afd1-aefb10607603,5095cc90-e9e0-41b0-a52c-7e5923ec9cae,0.0,false
90a6bbbc-9fe4-4581-a51a-e5d142bde353,EUR,true,86a63f21-ba05-457f-afd1-aefb10607603,b1aee63c-96ac-4c99-99f8-1d5306ed8899,1805.0,false
90b3c2a6-2b42-4b34-b578-ccd7b4be0dd8,USD,true,86a63f21-ba05-457f-afd1-aefb10607603,4fb1c6f8-3819-4003-a5ac-c13ed2357645,225.0,false
90d0be17-2b58-4d7c-a605-9608a209bde3,GBP,true,86a63f21-ba05-457f-afd1-aefb10607603,686e5e1b-cbe3-4cd6-b44f-766adbf6a14b,4.0,false
91914e2e-0236-4587-a360-cb4e75ceb1bb,AUD,true,86a63f21-ba05-457f-afd1-aefb10607603,5e6498ee-3bd0-41d7-b336-3031a647f55b,1.39,false
91990afa-fdec-4f86-9cfc-31ee908a17cf,EUR,true,86a63f21-ba05-457f-afd1-aefb10607603,a8057612-7b3f-42b2-aeb2-f11e1d794223,285.0,false
926a5915-8856-438c-b8a8-5db2faf46fcc,EUR,true,86a63f21-ba05-457f-afd1-aefb10607603,cddcfce0-eaa9-426d-86d4-a394e5aa6755,4750.0,false
93908c7d-2294-49de-b46a-3defc0a9aa6b,GBP,true,86a63f21-ba05-457f-afd1-aefb10607603,3a4ddaae-ace2-460d-8c5d-2f8dd2b0333d,2121.6,false
93b2856b-3a49-47a9-ab52-443df0243219,AUD,true,86a63f21-ba05-457f-afd1-aefb10607603,903c7b24-cd0a-4428-9a83-cd715eaa602b,1.7375,false
93b32177-3a10-4f15-8f05-05d24c8e1503,EUR,true,86a63f21-ba05-457f-afd1-aefb10607603,9cbfdfe4-8ac7-46ff-b2fd-67c5e741b9c4,284.05,false
93bc9e23-7e09-4573-b850-5fe83c91fdcd,EUR,true,86a63f21-ba05-457f-afd1-aefb10607603,69ce26ff-c154-49c0-8f63-a8f99943a47c,821.75,false
93d6d589-1784-4971-8d35-c81fbfe251fa,AUD,true,86a63f21-ba05-457f-afd1-aefb10607603,dfa93248-31b5-4616-afe3-d402194c895b,554.61,false
941670bb-38da-4701-baf1-ecf46861a6dc,GBP,true,86a63f21-ba05-457f-afd1-aefb10607603,8daca1b1-9cac-4312-b0b8-8da423334d5d,80.0,false
94f45888-c2bd-41ff-b1d3-bdb7f1f3e8e0,USD,true,86a63f21-ba05-457f-afd1-aefb10607603,1234b623-6dc3-41ff-839c-b95e77722972,2957.0,false
952859f4-2cbd-4504-a2fc-f350570632ff,GBP,true,86a63f21-ba05-457f-afd1-aefb10607603,67f7f85c-c196-4933-b918-ef99e17dfae5,1600.0,false
9569a28c-2bf7-46e7-8dcb-85e0dd268aea,GBP,true,86a63f21-ba05-457f-afd1-aefb10607603,0714f848-84b5-4a9e-9953-6bef53d56cd8,23.2,false
95ac3db9-fd9e-4421-ad52-7f0250d20860,USD,true,86a63f21-ba05-457f-afd1-aefb10607603,c5f4e456-6a83-4e27-9f38-9ed611ce7f01,2000.0,false
966832ac-de6f-4f2e-9d4f-2bba469cf473,EUR,true,86a63f21-ba05-457f-afd1-aefb10607603,22d7c410-48a4-4769-9ca1-876b8d6a263a,190.0,false
96840b94-0026-48cc-b8ee-5eac4592d1b9,USD,true,86a63f21-ba05-457f-afd1-aefb10607603,1800c09a-ab62-4e5f-a11b-43f6def41978,2000.0,false
969102ac-f32c-4bcd-92eb-b04d2cc8a3c0,AUD,true,86a63f21-ba05-457f-afd1-aefb10607603,648af954-8d6e-4d20-ad6e-fe2f23738f9a,619.94,false
974958f1-e483-449a-add6-9564cd7cd9ad,GBP,true,86a63f21-ba05-457f-afd1-aefb10607603,0197c8c1-c7c0-4613-b498-3febbde1effe,6.36,false
97bf228a-90a4-46f6-b04e-9a4fc20ca7ff,AUD,true,86a63f21-ba05-457f-afd1-aefb10607603,eaa83ea7-6ece-4fc6-a379-c808ca6fb249,111.2,false
97c09c02-5de4-48a7-af97-56a8e180bd4e,EUR,true,86a63f21-ba05-457f-afd1-aefb10607603,022bc520-5c8c-4ea2-8006-2dca652805ca,23.75,false
984b8062-5ecb-48ab-bd39-7b1915a60949,EUR,true,86a63f21-ba05-457f-afd1-aefb10607603,0714f848-84b5-4a9e-9953-6bef53d56cd8,27.55,false
984ba0aa-73a9-488f-9d5b-303ea29f0452,AUD,true,86a63f21-ba05-457f-afd1-aefb10607603,5bb944f1-cbc5-49b7-a759-55ab95d1e222,0.0,false
98519fa5-c0e6-40b1-9816-c0b5829b1514,EUR,true,86a63f21-ba05-457f-afd1-aefb10607603,5e6498ee-3bd0-41d7-b336-3031a647f55b,0.95,false
9877ad62-38b6-40cc-acdd-b06bc0d08b57,USD,true,86a63f21-ba05-457f-afd1-aefb10607603,062d0221-24ae-4037-9aae-180af606c12e,253.0,false
98a837d5-246f-43d2-bbfa-6c1c7bc8a9b9,USD,true,86a63f21-ba05-457f-afd1-aefb10607603,ce804259-7043-4699-8dee-6a034c62b6a4,100.0,false
995fd3ef-0e5a-45fc-8ba0-8e9ee2ca738a,USD,true,86a63f21-ba05-457f-afd1-aefb10607603,dfa93248-31b5-4616-afe3-d402194c895b,399.0,false
9a6f088f-4730-4317-89a3-c2763c98985f,AUD,true,86a63f21-ba05-457f-afd1-aefb10607603,b4fd98da-1f3c-4630-bb5e-af987e0d1466,340.55,false
9b388be6-a150-4cc3-97b9-649e763d17a6,AUD,true,86a63f21-ba05-457f-afd1-aefb10607603,73ca077f-346c-4638-8009-cb84b6277461,1390.0,false
9b70c8e2-c63d-4e31-9d14-6d9afdd5ec9d,AUD,true,86a63f21-ba05-457f-afd1-aefb10607603,b71860c9-c6ca-4ccc-a3ec-026cc314242b,417.0,false
9b85cf71-fbb8-403d-ae35-a26cebbaaeac,EUR,true,86a63f21-ba05-457f-afd1-aefb10607603,70c03227-9d35-47d3-9cbf-c864848c6993,1399.35,false
9cab8a55-fad9-4544-a3ab-bd8ad94a30a4,GBP,true,86a63f21-ba05-457f-afd1-aefb10607603,a6f07a72-e43a-451d-b99a-2bcc4d60e4d0,80.0,false
9d44417d-e206-4b37-8d16-1b9dd103736d,EUR,true,86a63f21-ba05-457f-afd1-aefb10607603,b7f19ae9-44fa-4cb4-8629-bf589069b326,165.3,false
9e6ab7e9-3b2c-4664-815b-d7592ecadb58,GBP,true,86a63f21-ba05-457f-afd1-aefb10607603,e3a30657-ec19-4311-ac57-7fb9f421e9f1,0.0,false
9ef51c02-9c1f-49eb-88fc-4b33b56b4fbc,EUR,true,86a63f21-ba05-457f-afd1-aefb10607603,30674962-0d68-4dd6-8892-3cf9aa0ab9ba,1762.25,false
a0704248-adac-42eb-8595-29a57d4d8840,USD,true,86a63f21-ba05-457f-afd1-aefb10607603,428f565d-f194-4e76-99e0-8e9a50823f0d,2899.0,false
a092c519-7178-4f3c-9fa0-ce1459ce1c6f,AUD,true,86a63f21-ba05-457f-afd1-aefb10607603,21f2ec12-aed6-4eab-9ec8-ed2cfd7360e8,27800.0,false
a0ba3822-875f-4c24-bc36-33c0a2a697f3,AUD,true,86a63f21-ba05-457f-afd1-aefb10607603,b5129943-2e41-49a7-abc1-08481d290ba0,139.0,false
a0dbd90a-c927-4b1a-bb73-c4e01f2eab76,USD,true,86a63f21-ba05-457f-afd1-aefb10607603,5ea35f6a-6c24-4d75-bca5-2c7120780789,679.0,false
a0df6e78-7f1d-4aa1-beab-4ceb96f1b5fc,EUR,true,86a63f21-ba05-457f-afd1-aefb10607603,5bff035a-8034-4fbe-894c-29779f9619c1,2291.4,false
a10e99c7-e492-4fe0-b86b-1712892d23bf,GBP,true,86a63f21-ba05-457f-afd1-aefb10607603,b1aee63c-96ac-4c99-99f8-1d5306ed8899,1520.0,false
a290f442-a3ee-4acc-89ce-e377b8f0ea9e,EUR,true,86a63f21-ba05-457f-afd1-aefb10607603,b371fe7e-f0a5-4e7f-80b5-2e9b776e36d9,95.0,false
a2f45697-c0d6-4ac1-9100-0cddcc49087e,USD,true,86a63f21-ba05-457f-afd1-aefb10607603,089f3df9-8516-42c8-8185-e3c161783fb9,2400.0,false
a2fdbb7d-1e0c-4532-93f5-fac8e52d683f,EUR,true,86a63f21-ba05-457f-afd1-aefb10607603,1e57fd0c-a984-4cb1-83ca-9ba0b8b57e21,475.0,false
a32bcb39-59ab-4086-b9b0-aab961f3f2bf,AUD,true,86a63f21-ba05-457f-afd1-aefb10607603,7ef73605-9e77-4b79-a1d7-227134cb2255,1069.605,false
a37905e8-5d03-4394-889b-bff25275d45c,USD,true,86a63f21-ba05-457f-afd1-aefb10607603,c6986fb6-6c9d-4f9d-a385-acb8f80b53d4,810.0,false
a5125f36-a887-4a4d-820e-fd20e1f6ef8b,USD,true,86a63f21-ba05-457f-afd1-aefb10607603,3118eea8-8f14-4fe9-8108-758ffb684b88,550.0,false
a5be6f15-748f-4e72-beb3-4460f2117672,AUD,true,86a63f21-ba05-457f-afd1-aefb10607603,0714f848-84b5-4a9e-9953-6bef53d56cd8,40.31,false
a5c597d2-5d0d-4239-a416-98656b8476af,EUR,true,86a63f21-ba05-457f-afd1-aefb10607603,9eef1dd3-5650-4f15-b15a-214b1d02b692,14250.0,false
a62b05c1-bbd6-4bfb-9c8f-a5a7fd27a883,GBP,true,86a63f21-ba05-457f-afd1-aefb10607603,555ce445-c80d-4118-ac6a-8cc0e7a58f40,1920.0,false
a65bf054-6a15-4864-bfab-9b12fdfc9028,EUR,true,86a63f21-ba05-457f-afd1-aefb10607603,c51fdb21-409e-4c52-bdf3-f599291a5447,240.35,false
a73009f3-19dc-4994-b170-20397f2a92d7,GBP,true,86a63f21-ba05-457f-afd1-aefb10607603,8d92082c-1992-4881-b65d-7b1e46fee095,1600.0,false
a770fc64-e897-49b1-9e8d-54b555e4fedc,EUR,true,86a63f21-ba05-457f-afd1-aefb10607603,b71860c9-c6ca-4ccc-a3ec-026cc314242b,285.0,false
a796c454-d65b-42eb-b419-8cad17ee86ad,USD,true,86a63f21-ba05-457f-afd1-aefb10607603,eda54479-dbac-4852-a3fc-3b901a03083e,41.0,false
a835f733-b890-42f9-bfec-a5dd2fd29f40,GBP,true,86a63f21-ba05-457f-afd1-aefb10607603,30b2099d-55b1-433d-96c5-0e3916f7814e,12.0,false
a8c68030-d41e-44ca-9e80-71441e836a65,EUR,true,86a63f21-ba05-457f-afd1-aefb10607603,befe212c-8410-45c8-a363-a9174317c54f,3800.0,false
a8fb1176-2427-4440-aa8b-0dc4bd6d2b1d,USD,true,86a63f21-ba05-457f-afd1-aefb10607603,15fbcac6-1c60-4218-bf20-04262fbf00f3,41.0,false
a9690620-fb20-48cb-ab76-218ce2efdbff,USD,true,86a63f21-ba05-457f-afd1-aefb10607603,99e8e1be-ac47-4188-99f2-6e8a73fff59f,13.0,false
a9c59a37-1777-4000-8cc3-7beee80b9cec,AUD,true,86a63f21-ba05-457f-afd1-aefb10607603,a6f07a72-e43a-451d-b99a-2bcc4d60e4d0,139.0,false
aa137bf5-c777-4761-9a58-a42aa31f6b23,GBP,true,86a63f21-ba05-457f-afd1-aefb10607603,ec13f820-0ecf-4840-b404-c6662d7e06a0,80.0,false
ab3e50d3-c605-4bc8-b261-734b59aab26a,EUR,true,86a63f21-ba05-457f-afd1-aefb10607603,c6986fb6-6c9d-4f9d-a385-acb8f80b53d4,769.5,false
ab5505b6-0b34-4a5c-b771-302f61549d6d,USD,true,86a63f21-ba05-457f-afd1-aefb10607603,1b7a20e4-be5c-470d-9e10-b35f917e5d2b,0.0,false
abab08d9-1ace-4318-a271-5e3aff79f95a,GBP,true,86a63f21-ba05-457f-afd1-aefb10607603,cca8d21f-690c-4cb0-9409-ccf7b6bd84dd,2000.0,false
abe74afb-c7a1-44a6-98b2-e4bc1e7ede19,GBP,true,86a63f21-ba05-457f-afd1-aefb10607603,eaa83ea7-6ece-4fc6-a379-c808ca6fb249,64.0,false
ac3fd52f-cdb4-4a0e-81a5-ea4f6c24e1ab,AUD,true,86a63f21-ba05-457f-afd1-aefb10607603,9a02a064-befc-4903-9447-142cc5475713,6950.0,false
acd40215-9a24-4801-ab10-5a72b65ca04f,USD,true,86a63f21-ba05-457f-afd1-aefb10607603,460a744e-9ee2-41a8-839e-614c3cf29bc4,1855.0,false
acd4a731-a681-445b-820e-9b54a9783fe2,USD,true,86a63f21-ba05-457f-afd1-aefb10607603,25c7daac-63cb-49dc-83c9-5861d254e8f5,1000.0,false
acf4fc34-b1e2-4519-9819-7a29446971a3,USD,true,86a63f21-ba05-457f-afd1-aefb10607603,a26c0ff3-48fa-4fef-bcba-5b020eec59b4,525.0,false
ad70a26a-33b2-49df-9e7f-d1f9e3581df2,AUD,true,86a63f21-ba05-457f-afd1-aefb10607603,eda54479-dbac-4852-a3fc-3b901a03083e,56.99,false
ae632eb0-5b7d-41ab-bf37-6d9b9f8747ab,GBP,true,86a63f21-ba05-457f-afd1-aefb10607603,d4d547b9-68dc-453c-843b-006fc1a17e6b,4000.0,false
aeb0c644-f35e-4dcd-a5b9-e5950d1514df,USD,true,86a63f21-ba05-457f-afd1-aefb10607603,ac66435b-af45-44de-9f11-929d14409f50,200.0,false
aeb93204-74ec-418c-bf34-d54a4bc4712d,AUD,true,86a63f21-ba05-457f-afd1-aefb10607603,12328a0a-c947-42be-ae61-96fbd772839b,1912.084,false
af19d058-b6cf-41c4-a9f5-bcb78f4f773f,AUD,true,86a63f21-ba05-457f-afd1-aefb10607603,532ff7f1-22ff-4d2f-90df-3fe6aec006ef,173.75,false
af2985f1-b3e4-4b8c-b995-7f18f33c75a2,EUR,true,86a63f21-ba05-457f-afd1-aefb10607603,8d92082c-1992-4881-b65d-7b1e46fee095,1900.0,false
af475ccd-4a83-4cb7-b34c-e44ff4948a39,USD,true,86a63f21-ba05-457f-afd1-aefb10607603,754808a7-5283-4070-ad9d-c8ef800fbb6e,1473.0,false
af9cec1f-59ed-495b-8d95-c6901e7bf419,USD,true,86a63f21-ba05-457f-afd1-aefb10607603,2fd1d1cc-caff-451c-b8d2-fb83e0249f69,299.99,false
afad7cbf-060c-4292-a7de-184140db1413,AUD,true,86a63f21-ba05-457f-afd1-aefb10607603,da0e5622-6c9a-4548-8ce1-ef9fe8ebf5de,0.0,false
afe8f330-dedd-452a-8d46-fe59afa6fad3,AUD,true,86a63f21-ba05-457f-afd1-aefb10607603,cca8d21f-690c-4cb0-9409-ccf7b6bd84dd,3475.0,false
b0045548-e284-4a18-a8bd-b20c47c9ee73,GBP,true,86a63f21-ba05-457f-afd1-aefb10607603,d770d095-b686-4681-a3e0-5a3713d20267,80.0,false
b0dee805-5f34-453f-9873-91fb14291b0d,GBP,true,86a63f21-ba05-457f-afd1-aefb10607603,fcfde49c-4200-47be-86b0-a7d8eb261c78,420.0,false
b1493556-17db-4913-a5fa-67ad77fa4dc6,GBP,true,86a63f21-ba05-457f-afd1-aefb10607603,be36a53f-c9a1-4d22-b576-93da5600e2df,212.8,false
b1f6f3d6-2000-4490-8bec-f16acfb55688,AUD,true,86a63f21-ba05-457f-afd1-aefb10607603,1fa5216f-0e7f-41e3-88a0-34131698d879,11815.0,false
b2b86e45-4350-45a6-89c7-5aeb5eab8e12,EUR,true,86a63f21-ba05-457f-afd1-aefb10607603,20ac81d0-9479-44e1-ba7b-70651b1bf2a4,95.0,false
b2c3993f-b0cd-4c24-bc90-c34913d3b271,EUR,true,86a63f21-ba05-457f-afd1-aefb10607603,1766e31e-851c-4a88-8a72-52ce8733e5a5,1456.35,false
b2e94a66-c72b-442e-891a-4fd4fa883d2e,AUD,true,86a63f21-ba05-457f-afd1-aefb10607603,ef84293c-ba34-4c42-aa3a-65ebc2926c15,139.0,false
b4506c2b-cfab-4aea-95e8-1c56460780bd,GBP,true,86a63f21-ba05-457f-afd1-aefb10607603,b998ab68-6ac3-47f1-b776-50f7b178f403,0.0,false
b5d1feb7-0c55-41ec-8d49-bd99147a6ef1,GBP,true,86a63f21-ba05-457f-afd1-aefb10607603,407fc8ba-5e66-41bb-9c0d-edf341b9f382,2400.0,false
b75391a0-b629-4ea2-ace0-41d58b891f9f,EUR,true,86a63f21-ba05-457f-afd1-aefb10607603,b5d58a05-67cf-437a-bba8-11c2a395679f,34.2,false
b7773137-bea9-482f-a68c-ca4334e29f00,AUD,true,86a63f21-ba05-457f-afd1-aefb10607603,482e60d1-bc17-4dee-a60a-8ddd59830b1d,276.61,false
b7e45a44-a371-4e84-832c-3ee327a8b872,EUR,true,86a63f21-ba05-457f-afd1-aefb10607603,dac40b15-963d-44f8-8638-5381f31e1239,8.55,false
b81d7ba0-a4ff-41b3-bd84-78d2b110b863,EUR,true,86a63f21-ba05-457f-afd1-aefb10607603,5f041dd1-49ba-4b56-8682-84bf13c1259c,570.0,false
b8a4cc13-77a2-435e-8086-2654442d0608,AUD,true,86a63f21-ba05-457f-afd1-aefb10607603,3f21219b-4afc-4e13-8443-c1a0011bebc2,2488.1,false
b8b68fe2-8e1b-4cd4-b3c2-daee250cc603,AUD,true,86a63f21-ba05-457f-afd1-aefb10607603,5c787b6a-2e1a-4695-9b42-8a6838d71f36,208.5,false
b94f6ad4-332d-4f26-9436-d13ee0502448,AUD,true,86a63f21-ba05-457f-afd1-aefb10607603,fcfde49c-4200-47be-86b0-a7d8eb261c78,729.75,false
b965ea61-f0ea-48b6-a406-70a267c58c42,AUD,true,86a63f21-ba05-457f-afd1-aefb10607603,8d92082c-1992-4881-b65d-7b1e46fee095,2780.0,false
ba217802-6215-4caa-9dd0-246157716a97,AUD,true,86a63f21-ba05-457f-afd1-aefb10607603,67f7f85c-c196-4933-b918-ef99e17dfae5,2780.0,false
bb81919d-2dcf-4ad8-970d-5555114f9309,AUD,true,86a63f21-ba05-457f-afd1-aefb10607603,5bff035a-8034-4fbe-894c-29779f9619c1,3352.68,false
bc018fde-096b-42bf-8cee-39942c51b907,AUD,true,86a63f21-ba05-457f-afd1-aefb10607603,6bfdbdd4-36f7-455b-99ec-202d6453aa4e,3336.0,false
bc78e8af-e15f-4547-b403-e6c8d7427769,GBP,true,86a63f21-ba05-457f-afd1-aefb10607603,12328a0a-c947-42be-ae61-96fbd772839b,1100.48,false
be99e66a-77de-4ff2-b8a0-c4a37db634c7,EUR,true,86a63f21-ba05-457f-afd1-aefb10607603,ef84293c-ba34-4c42-aa3a-65ebc2926c15,95.0,false
bfb595bc-0cac-4bfe-b562-c35e919e669a,EUR,true,86a63f21-ba05-457f-afd1-aefb10607603,3a1f9412-e4c5-4177-90ea-6569f32a664c,11.4,false
bfba8272-e17b-4cc7-a433-914166140279,USD,true,86a63f21-ba05-457f-afd1-aefb10607603,8daca1b1-9cac-4312-b0b8-8da423334d5d,100.0,false
c03d8fb8-792f-49ad-8d56-dc6cca07dae3,EUR,true,86a63f21-ba05-457f-afd1-aefb10607603,71157ff1-4161-490a-b0dd-af17859cd6fe,23750.0,false
c0625110-236b-4920-9402-8266e3351424,EUR,true,86a63f21-ba05-457f-afd1-aefb10607603,36ecccc5-4778-45f1-ad24-2dab7eecc6d7,190.0,false
c0ad0fa0-0a98-4ede-8bba-5e803b6be80b,EUR,true,86a63f21-ba05-457f-afd1-aefb10607603,3f21219b-4afc-4e13-8443-c1a0011bebc2,1700.5,false
c0d69adc-fb66-4a3d-8696-7df8ecaa0293,AUD,true,86a63f21-ba05-457f-afd1-aefb10607603,ac66435b-af45-44de-9f11-929d14409f50,278.0,false
c0ebb62c-2c0a-48eb-8215-572a01e291a8,GBP,true,86a63f21-ba05-457f-afd1-aefb10607603,9ced9be1-75c3-4bbb-8c9e-79f365c0b4f9,692.0,false
c2347bbf-2478-4204-a691-946034f6ffbf,EUR,true,86a63f21-ba05-457f-afd1-aefb10607603,72493b03-c012-4c44-a442-1fc4a165ecb5,5225.0,false
c2cbbdb7-1ae4-43d4-b91e-545f17b9c5dc,USD,true,86a63f21-ba05-457f-afd1-aefb10607603,3516f7a7-1814-41f7-bad8-0de6475fd208,2600.0,false
c3602ee3-774b-4055-b86f-b9cc864b6bf9,GBP,true,86a63f21-ba05-457f-afd1-aefb10607603,089f3df9-8516-42c8-8185-e3c161783fb9,1920.0,false
c3656e8f-1d55-4f1d-82d2-16d5593f5c20,GBP,true,86a63f21-ba05-457f-afd1-aefb10607603,29072a16-d36f-436b-95c5-41d6fb4cf220,927.2,false
c4451067-63b2-458e-b8f6-102b900356bf,USD,true,86a63f21-ba05-457f-afd1-aefb10607603,af7cbbcd-e6a3-4f6b-962d-bb331111f4a0,200.0,false
c58c3efd-be0e-4790-955c-cfc4bc91776a,AUD,true,86a63f21-ba05-457f-afd1-aefb10607603,064e2042-fd19-4458-bb55-b6a7a95c0de5,276.61,false
c58cb3d2-091f-4190-bf16-1062e68970f1,AUD,true,86a63f21-ba05-457f-afd1-aefb10607603,b998ab68-6ac3-47f1-b776-50f7b178f403,0.0,false
c5d25ae5-0379-4e3e-aa13-90966b9c90be,USD,true,86a63f21-ba05-457f-afd1-aefb10607603,55947eee-6bbf-45e5-a7b9-04c9d9cf4591,20000.0,false
c66bc8cb-5035-4dee-b92d-d1173da35555,USD,true,2ff5e826-49e6-43fb-9117-9e9bd15f77f5,af7cbbcd-e6a3-4f6b-962d-bb331111f4a0,200.0,false
c713d76f-6677-42b2-8878-cdf0e92e20bf,USD,true,86a63f21-ba05-457f-afd1-aefb10607603,e56f1f6f-3d44-4ec9-bbb6-cc42d9ede886,5618.73,false
c722f658-8ff0-467c-8679-911b0b99b18f,USD,true,86a63f21-ba05-457f-afd1-aefb10607603,555ce445-c80d-4118-ac6a-8cc0e7a58f40,2400.0,false
c75c8476-0ee2-4b4d-9c2b-cb1919750b6e,AUD,true,86a63f21-ba05-457f-afd1-aefb10607603,7b73ef0c-375e-409b-a4ce-d5f0a4b50ae4,69.5,false
c78bee92-54e5-4e36-9dc1-9847438cfdea,AUD,true,86a63f21-ba05-457f-afd1-aefb10607603,8d3f6491-4b54-4889-991d-79d63066d045,3127.5,false
c88784d9-5aa4-4c02-8bde-826dbafbd87d,EUR,true,86a63f21-ba05-457f-afd1-aefb10607603,eda54479-dbac-4852-a3fc-3b901a03083e,38.95,false
c8bc47c8-cee6-418c-b9f3-5cd08b43bd28,EUR,true,86a63f21-ba05-457f-afd1-aefb10607603,a26c0ff3-48fa-4fef-bcba-5b020eec59b4,498.75,false
c8ee5a62-50f7-4526-b398-c8570835cbbc,USD,true,86a63f21-ba05-457f-afd1-aefb10607603,cf258f49-8ca3-4ac9-a1aa-cf053257bd04,200.0,false
c9a34be9-92b6-48bd-aa5f-54c76186e6d4,USD,true,86a63f21-ba05-457f-afd1-aefb10607603,73ca077f-346c-4638-8009-cb84b6277461,1000.0,false
ca3ab72e-af19-40b3-ae76-7b3359884381,EUR,true,86a63f21-ba05-457f-afd1-aefb10607603,03526589-f9d3-453d-95aa-8c4637644fbc,190.0,false
cbf47eaa-5b1e-40ec-bcd6-ace33e745f40,EUR,true,86a63f21-ba05-457f-afd1-aefb10607603,b3675806-912b-46ee-b8fd-a37d471b3708,95.0,false
cc17bd9d-f68e-4364-a23e-3f94d2f5e683,AUD,true,86a63f21-ba05-457f-afd1-aefb10607603,594ff283-25c3-4fe4-94ac-da3214c5ff14,695.0,false
cc7d8cd4-2eee-46ad-a9b0-0a563c7be3ac,EUR,true,86a63f21-ba05-457f-afd1-aefb10607603,be36a53f-c9a1-4d22-b576-93da5600e2df,252.7,false
cca79ffa-3cfa-4767-a1a8-1e891421bd7a,AUD,true,86a63f21-ba05-457f-afd1-aefb10607603,2771a9ae-b167-4cc7-97e9-22f107446332,34.75,false
ccbd05eb-c043-44b9-af24-1ef542a16ee4,AUD,true,86a63f21-ba05-457f-afd1-aefb10607603,d0345f3d-2738-4ad0-a3a8-57cc4d519fd8,0.0,false
ccd77d85-55d9-4072-bdbb-e3d86d0d2eb4,EUR,true,86a63f21-ba05-457f-afd1-aefb10607603,d0f38cb5-7094-42dc-80b1-6db6794e28d1,0.0,false
ccf343c4-31cb-4e5e-b084-85b2854a0ea7,AUD,true,86a63f21-ba05-457f-afd1-aefb10607603,ba56ff8c-3272-48ce-bfc0-507222e5420a,347.5,false
cd18e5c0-a0b1-417a-9b20-09a297456cdb,USD,true,86a63f21-ba05-457f-afd1-aefb10607603,1766e31e-851c-4a88-8a72-52ce8733e5a5,1533.0,false
cd52e082-90c6-4eda-bfd9-3246b8377084,EUR,true,86a63f21-ba05-457f-afd1-aefb10607603,648af954-8d6e-4d20-ad6e-fe2f23738f9a,423.7,false
cd6887fb-72c3-43a2-b50a-ef42d85591d1,EUR,true,86a63f21-ba05-457f-afd1-aefb10607603,b4fd98da-1f3c-4630-bb5e-af987e0d1466,232.75,false
cdbc81d3-a1e5-48f5-966b-4ca7d4049f14,AUD,true,86a63f21-ba05-457f-afd1-aefb10607603,15fbcac6-1c60-4218-bf20-04262fbf00f3,56.99,false
cdf81dd9-cbc6-4bc4-b2ac-c83a4784635e,AUD,true,86a63f21-ba05-457f-afd1-aefb10607603,e1052d7a-669c-4b70-b14f-6d9264213fdd,11120.0,false
ce5f3428-de85-4eed-8427-065d43ff7971,EUR,true,86a63f21-ba05-457f-afd1-aefb10607603,555ce445-c80d-4118-ac6a-8cc0e7a58f40,2280.0,false
cee062d4-62eb-4a4c-b853-c09aa541a912,EUR,true,86a63f21-ba05-457f-afd1-aefb10607603,25c7daac-63cb-49dc-83c9-5861d254e8f5,950.0,false
cf088376-6502-4318-b0a4-83e548ee2889,EUR,true,86a63f21-ba05-457f-afd1-aefb10607603,37dc4b48-9af2-4506-a0b0-ef84e05f6a90,95.0,false
cf57a963-d0fe-4d90-a2e2-49ff9ce7ded9,USD,true,86a63f21-ba05-457f-afd1-aefb10607603,7ef73605-9e77-4b79-a1d7-227134cb2255,769.5,false
cf5b90b1-e9a2-463c-9d58-79b0d506d2dc,USD,true,86a63f21-ba05-457f-afd1-aefb10607603,36ecccc5-4778-45f1-ad24-2dab7eecc6d7,200.0,false
cf61d475-c34b-4f0c-8dcd-b47f219eca21,GBP,true,86a63f21-ba05-457f-afd1-aefb10607603,1766e31e-851c-4a88-8a72-52ce8733e5a5,1226.4,false
cfd11e48-2544-4b85-be57-32ff8cf457de,USD,true,86a63f21-ba05-457f-afd1-aefb10607603,1ceef319-f65e-4660-8976-91719f77a0c5,250.0,false
cfd19e5e-a99e-45d5-8b09-22a0fd85a90f,GBP,true,86a63f21-ba05-457f-afd1-aefb10607603,f9cf99a9-23e4-40d8-aadf-72013ccf0b7c,40.0,false
cff3eefe-1187-4f4b-8538-9aa47879f499,EUR,true,86a63f21-ba05-457f-afd1-aefb10607603,3a4ddaae-ace2-460d-8c5d-2f8dd2b0333d,2519.4,false
d00afebe-d5d6-4213-9d98-088036e59470,USD,true,86a63f21-ba05-457f-afd1-aefb10607603,a8057612-7b3f-42b2-aeb2-f11e1d794223,300.0,false
d0a31968-8058-4506-aacd-c507dca17b00,AUD,true,86a63f21-ba05-457f-afd1-aefb10607603,b3675806-912b-46ee-b8fd-a37d471b3708,139.0,false
d0fa585b-ba04-4860-86a3-4bf19902d26a,GBP,true,86a63f21-ba05-457f-afd1-aefb10607603,72493b03-c012-4c44-a442-1fc4a165ecb5,4400.0,false
d15c4ce2-e8d8-4ac8-a07c-f93467ee6626,GBP,true,86a63f21-ba05-457f-afd1-aefb10607603,3516f7a7-1814-41f7-bad8-0de6475fd208,2080.0,false
d17b888e-203d-4c8c-a255-57fdd56fdf39,AUD,true,86a63f21-ba05-457f-afd1-aefb10607603,6fcbf160-d45a-456a-b5f4-9fda0e99be67,312.75,false
d17ce339-ed58-4142-b9a2-946e42254e2c,GBP,true,86a63f21-ba05-457f-afd1-aefb10607603,1fa5216f-0e7f-41e3-88a0-34131698d879,6800.0,false
d23a9bb4-45c0-412f-bc27-09bceaabdf0c,EUR,true,86a63f21-ba05-457f-afd1-aefb10607603,f874b6e9-5ab5-4b59-8915-2fda91708f27,0.0,false
d2de985a-0010-40b7-a0c1-f8dc3b901c36,USD,true,86a63f21-ba05-457f-afd1-aefb10607603,5bff035a-8034-4fbe-894c-29779f9619c1,2412.0,false
d31a3e45-f4c4-401d-9411-5bde9805f397,GBP,true,86a63f21-ba05-457f-afd1-aefb10607603,5bff035a-8034-4fbe-894c-29779f9619c1,1929.6,false
d4488bae-7595-4551-aea2-71d7a80087e9,AUD,true,86a63f21-ba05-457f-afd1-aefb10607603,1800c09a-ab62-4e5f-a11b-43f6def41978,2780.0,false
d4d1c9f3-6426-4b67-8ca0-89f6ee54b552,EUR,true,86a63f21-ba05-457f-afd1-aefb10607603,4cdc7bba-61db-4016-b72d-d9614d2f0cca,6650.0,false
d4d6f951-e455-4ddf-8628-f848c7062691,GBP,true,86a63f21-ba05-457f-afd1-aefb10607603,5ea35f6a-6c24-4d75-bca5-2c7120780789,543.2,false
d513b07f-0291-46c0-b3e4-cbb9550e1845,AUD,true,86a63f21-ba05-457f-afd1-aefb10607603,30674962-0d68-4dd6-8892-3cf9aa0ab9ba,2578.45,false
d51af30f-c197-488b-8e4c-2c6277f2c501,GBP,true,86a63f21-ba05-457f-afd1-aefb10607603,69fe359b-9fb4-4ce0-b573-4176afce6223,319.2,false
d523ae34-a0cc-480f-9c43-c183986bc0d8,GBP,true,86a63f21-ba05-457f-afd1-aefb10607603,903c7b24-cd0a-4428-9a83-cd715eaa602b,1.0,false
d53a9332-ca9c-4bd0-85ea-394c13957074,USD,true,86a63f21-ba05-457f-afd1-aefb10607603,21f2ec12-aed6-4eab-9ec8-ed2cfd7360e8,20000.0,false
d57f8bc2-deed-4c2f-9495-11d51ec7c9c3,EUR,true,86a63f21-ba05-457f-afd1-aefb10607603,a6f07a72-e43a-451d-b99a-2bcc4d60e4d0,95.0,false
d6325780-59e1-491d-814f-a9d8a5e939a7,USD,true,86a63f21-ba05-457f-afd1-aefb10607603,903c7b24-cd0a-4428-9a83-cd715eaa602b,1.25,false
d6450c8f-46d3-47f9-83f2-e37e15868867,EUR,true,86a63f21-ba05-457f-afd1-aefb10607603,b998ab68-6ac3-47f1-b776-50f7b178f403,0.0,false
d673484f-acf1-4a83-8b32-f354b16add84,EUR,true,86a63f21-ba05-457f-afd1-aefb10607603,3118eea8-8f14-4fe9-8108-758ffb684b88,522.5,false
d6f482c5-eb53-4b38-bd10-1bab66e0d173,USD,true,86a63f21-ba05-457f-afd1-aefb10607603,90911f47-1ceb-4eb2-b454-229460f43483,510.0,false
d7cd92d5-f5f4-45b7-908b-f335f2250c2b,GBP,true,86a63f21-ba05-457f-afd1-aefb10607603,b71860c9-c6ca-4ccc-a3ec-026cc314242b,240.0,false
d7ce438b-fa34-428b-8a31-7b4e1617e609,GBP,true,86a63f21-ba05-457f-afd1-aefb10607603,99e8e1be-ac47-4188-99f2-6e8a73fff59f,10.4,false
d8549f53-db22-4d43-b403-9408f2de1bdb,GBP,true,86a63f21-ba05-457f-afd1-aefb10607603,9eef1dd3-5650-4f15-b15a-214b1d02b692,12000.0,false
d8c74572-05c8-4bb6-891d-9c5b2b855d7d,EUR,true,86a63f21-ba05-457f-afd1-aefb10607603,f4c6e0c6-0b55-423f-b2ce-d8d495768e4b,456.0,false
d90fe991-e10d-45fe-9372-77d1889b4c85,USD,true,86a63f21-ba05-457f-afd1-aefb10607603,e6bdfd51-49b7-4d14-b501-896e61b1f083,99.0,false
d9c9e125-79e4-43f0-ab52-d65c5efa1c5b,AUD,true,86a63f21-ba05-457f-afd1-aefb10607603,e22a9261-ae0e-4270-81d4-32da3293edf9,6950.0,false
db145be1-2189-4010-be3a-29b426374567,AUD,true,86a63f21-ba05-457f-afd1-aefb10607603,c6a75cfd-82de-40cf-b6f7-54cb6777b042,13.9,false
dc0a7119-cb08-4a1f-90c7-7342a402263c,GBP,true,86a63f21-ba05-457f-afd1-aefb10607603,467a50b1-84a4-4d99-8eab-3be5f3ff6b18,440.0,false
dc0a9387-0b0e-4cc4-a390-4eb29a668e63,GBP,true,86a63f21-ba05-457f-afd1-aefb10607603,6bfdbdd4-36f7-455b-99ec-202d6453aa4e,1920.0,false
dc140f22-af4a-4035-91e8-7ba24616cdb6,AUD,true,86a63f21-ba05-457f-afd1-aefb10607603,930e17b5-d169-4ee6-bda9-f5f7730bd76e,24325.0,false
dc94d833-8765-42e3-8335-9bc12494c787,USD,true,86a63f21-ba05-457f-afd1-aefb10607603,482e60d1-bc17-4dee-a60a-8ddd59830b1d,199.0,false
dd50ff5a-64aa-4b67-ad12-8dbc80f80262,USD,true,86a63f21-ba05-457f-afd1-aefb10607603,407fc8ba-5e66-41bb-9c0d-edf341b9f382,3000.0,false
ddbaf19d-fc6b-4517-9492-6227c5e3a4c9,EUR,true,86a63f21-ba05-457f-afd1-aefb10607603,cca6f345-fea9-4ea0-89cf-42e4b0c05587,11400.0,false
ddd0a84e-a28a-4013-be72-3ee1231284f2,GBP,true,86a63f21-ba05-457f-afd1-aefb10607603,a3a12d16-5ee0-4d73-9c04-e35eab7a9e9c,40.0,false
de2c6d75-b141-442b-84c0-afaeaefc9ddd,EUR,true,86a63f21-ba05-457f-afd1-aefb10607603,7ef73605-9e77-4b79-a1d7-227134cb2255,731.025,false
de6051e9-ed67-4843-9827-640db5ec41f0,GBP,true,86a63f21-ba05-457f-afd1-aefb10607603,f49c253b-5f7f-4f0b-acab-7763848653bb,200.0,false
dea3854a-0461-4baf-a813-31b08413937a,EUR,true,86a63f21-ba05-457f-afd1-aefb10607603,c6a75cfd-82de-40cf-b6f7-54cb6777b042,9.5,false
df359673-2b3e-4c86-addc-6f9da7c381fb,GBP,true,86a63f21-ba05-457f-afd1-aefb10607603,3266a789-fa54-44fb-8349-f9fbbd668bff,127.2,false
df37bc33-a948-4ed8-9308-8cc720798055,AUD,true,86a63f21-ba05-457f-afd1-aefb10607603,2f7a9af7-50ff-4a65-875d-e3a7f4226227,139.0,false
e010c668-d53b-4f9d-a766-efadec1aca83,GBP,true,86a63f21-ba05-457f-afd1-aefb10607603,20ac81d0-9479-44e1-ba7b-70651b1bf2a4,80.0,false
e0ebd7c2-1b36-4b8a-a00e-14ad40dfaa55,GBP,true,86a63f21-ba05-457f-afd1-aefb10607603,e6bdfd51-49b7-4d14-b501-896e61b1f083,79.2,false
e11cd6e8-de80-414c-a355-32e8c1da3b82,GBP,true,86a63f21-ba05-457f-afd1-aefb10607603,416137f3-cc45-4545-8082-b6e8d357c86e,12000.0,false
e170399e-0c91-4747-94eb-37ed02d82900,EUR,true,86a63f21-ba05-457f-afd1-aefb10607603,19227197-60c6-4294-b261-fd69eff93ce0,22800.0,false
e179a430-df6f-4cd5-a21a-c3d74d8e7b50,AUD,true,86a63f21-ba05-457f-afd1-aefb10607603,fe01dbf1-f323-4417-b9f4-39e9ed79a887,83.4,false
e2135ec5-384b-46b8-b3e0-3d84c8ac2a31,USD,true,86a63f21-ba05-457f-afd1-aefb10607603,ef84293c-ba34-4c42-aa3a-65ebc2926c15,100.0,false
e32c5fa6-23a4-43d6-997e-043a0ecf0e90,AUD,true,86a63f21-ba05-457f-afd1-aefb10607603,a3a12d16-5ee0-4d73-9c04-e35eab7a9e9c,69.5,false
e3703f7e-18de-4cce-b885-40bf4f128fc9,EUR,true,86a63f21-ba05-457f-afd1-aefb10607603,25f2e7d3-fd63-4a68-9d13-fbdb3bb39d49,5700.0,false
e3810d35-fa6e-48d6-9245-3acf123b24d6,EUR,true,86a63f21-ba05-457f-afd1-aefb10607603,d770d095-b686-4681-a3e0-5a3713d20267,95.0,false
e387317e-60a5-419e-b1ec-3b67fb32bb13,GBP,true,86a63f21-ba05-457f-afd1-aefb10607603,3e67bd96-46ee-4ca7-83fa-3ff840daf9a3,80.0,false
e3fd87f3-9566-438a-aa32-ea9c196889e3,USD,true,86a63f21-ba05-457f-afd1-aefb10607603,5bb944f1-cbc5-49b7-a759-55ab95d1e222,0.0,false
e500b7ed-c154-47ae-8ef1-892202315a43,GBP,true,86a63f21-ba05-457f-afd1-aefb10607603,21f2ec12-aed6-4eab-9ec8-ed2cfd7360e8,16000.0,false
e5bf013d-75df-4d9d-a2da-cf5d5a16a733,USD,true,86a63f21-ba05-457f-afd1-aefb10607603,f49c253b-5f7f-4f0b-acab-7763848653bb,250.0,false
e60cc9f5-e09f-4e76-83c0-90e6f558e308,USD,true,86a63f21-ba05-457f-afd1-aefb10607603,0f09d5d8-7f04-402d-b119-0feec4e32060,670.0,false
e64ac242-8506-4034-bdab-0770e3e9a9b7,EUR,true,86a63f21-ba05-457f-afd1-aefb10607603,1234b623-6dc3-41ff-839c-b95e77722972,2809.15,false
e6c2edaf-18a0-4840-98a4-85533301e1d1,EUR,true,86a63f21-ba05-457f-afd1-aefb10607603,dfa93248-31b5-4616-afe3-d402194c895b,379.05,false
e6cc5978-966d-460a-8173-f3baf5c42305,AUD,true,86a63f21-ba05-457f-afd1-aefb10607603,c1780174-9cc6-4859-b369-71afd78eae77,1559.58,false
e6f942ee-4fed-4915-bd42-34173819421e,AUD,true,86a63f21-ba05-457f-afd1-aefb10607603,089f3df9-8516-42c8-8185-e3c161783fb9,3336.0,false
e704ad5c-2f11-4346-8be3-b05306813d5d,USD,true,86a63f21-ba05-457f-afd1-aefb10607603,c82a6f5f-1c27-4e46-b1dd-2fbaf89b5149,1288.0,false
e7388233-a46e-4231-95dd-6f859d17a29b,EUR,true,86a63f21-ba05-457f-afd1-aefb10607603,73ca077f-346c-4638-8009-cb84b6277461,950.0,false
e74a22ca-3c68-4841-9cf5-88d6c8fa20a0,EUR,true,86a63f21-ba05-457f-afd1-aefb10607603,69fe359b-9fb4-4ce0-b573-4176afce6223,379.05,false
e7790304-e624-4a63-9fdc-bab524f35f67,GBP,true,86a63f21-ba05-457f-afd1-aefb10607603,ce4d6ff1-79de-43b0-9afa-49612ad217fe,0.0,false
e79d69cd-8563-4e4c-b45c-136f8351c30f,EUR,true,86a63f21-ba05-457f-afd1-aefb10607603,ce4d6ff1-79de-43b0-9afa-49612ad217fe,0.0,false
e7c4025f-36e6-427a-8468-0c001c24a276,USD,true,86a63f21-ba05-457f-afd1-aefb10607603,467a50b1-84a4-4d99-8eab-3be5f3ff6b18,550.0,false
e7ec9b56-8189-4ea7-a876-1c1b2052436f,EUR,true,86a63f21-ba05-457f-afd1-aefb10607603,407fc8ba-5e66-41bb-9c0d-edf341b9f382,2850.0,false
e93f2402-3230-40ca-8596-f92bf3b684be,GBP,true,86a63f21-ba05-457f-afd1-aefb10607603,34301581-79fb-42b4-bdfa-cdd092152672,200.0,false
e9786510-970c-4d42-b42a-6411582525f8,USD,true,86a63f21-ba05-457f-afd1-aefb10607603,f38ec1d0-8568-4b29-a2f1-a4462cedd7a7,2652.0,false
e99b5611-e207-4b67-8197-dbe239a002cb,AUD,true,86a63f21-ba05-457f-afd1-aefb10607603,407fc8ba-5e66-41bb-9c0d-edf341b9f382,4170.0,false
e9ca22fd-d1ca-48bc-b908-1e232a20edc2,USD,true,86a63f21-ba05-457f-afd1-aefb10607603,416137f3-cc45-4545-8082-b6e8d357c86e,15000.0,false
ea3c8bbf-88a2-40c1-812e-7f03bade7c10,GBP,true,86a63f21-ba05-457f-afd1-aefb10607603,25f2e7d3-fd63-4a68-9d13-fbdb3bb39d49,4800.0,false
ea40a112-39b5-40f0-a4a3-46a69e27f6b5,GBP,true,86a63f21-ba05-457f-afd1-aefb10607603,2fd1d1cc-caff-451c-b8d2-fb83e0249f69,239.992,false
ea47c8c2-50cd-49b6-9406-389977ec46a1,GBP,true,86a63f21-ba05-457f-afd1-aefb10607603,da0e5622-6c9a-4548-8ce1-ef9fe8ebf5de,0.0,false
eb9ec6f0-b660-4d31-9087-b4714158749c,EUR,true,86a63f21-ba05-457f-afd1-aefb10607603,3a6afffe-f854-4420-9119-fe30f0744c2f,633.1655,false
ebb1cd79-3eef-4b09-9e76-beb3ee1eb8b8,USD,true,86a63f21-ba05-457f-afd1-aefb10607603,3a6afffe-f854-4420-9119-fe30f0744c2f,666.49,false
ec01f452-08cd-4e09-8a4e-cee05cbadb55,GBP,true,86a63f21-ba05-457f-afd1-aefb10607603,ba56ff8c-3272-48ce-bfc0-507222e5420a,200.0,false
ec403b3d-024f-417b-9247-6670354c6d2e,GBP,true,86a63f21-ba05-457f-afd1-aefb10607603,f4c6e0c6-0b55-423f-b2ce-d8d495768e4b,384.0,false
ec71f82c-200f-40fd-a9a1-a3424f782b32,EUR,true,86a63f21-ba05-457f-afd1-aefb10607603,1fa5216f-0e7f-41e3-88a0-34131698d879,8075.0,false
ec7659a1-b61b-42af-929b-34f4657647d2,USD,true,86a63f21-ba05-457f-afd1-aefb10607603,cca6f345-fea9-4ea0-89cf-42e4b0c05587,12000.0,false
ed4f7b9b-3d21-4d52-8177-ce0cf5c3796e,AUD,true,86a63f21-ba05-457f-afd1-aefb10607603,72493b03-c012-4c44-a442-1fc4a165ecb5,7645.0,false
eea2c889-9d45-4bac-a9f1-d3e8bf9a27aa,EUR,true,86a63f21-ba05-457f-afd1-aefb10607603,064e2042-fd19-4458-bb55-b6a7a95c0de5,189.05,false
eecb65f3-7e5e-430b-b072-9622aed7b92d,AUD,true,86a63f21-ba05-457f-afd1-aefb10607603,f4c6e0c6-0b55-423f-b2ce-d8d495768e4b,667.2,false
ef2fab5d-081c-4b59-ab0e-634797f414fa,EUR,true,86a63f21-ba05-457f-afd1-aefb10607603,e22a9261-ae0e-4270-81d4-32da3293edf9,4750.0,false
ef5db4f8-10ec-43cc-8a53-4e6425f6d0e0,USD,true,86a63f21-ba05-457f-afd1-aefb10607603,b5d58a05-67cf-437a-bba8-11c2a395679f,36.0,false
efac9d49-5589-4694-820a-0fd50370c8b3,GBP,true,86a63f21-ba05-457f-afd1-aefb10607603,629b406e-01e2-4794-9a2b-fb50cd3a1a5b,0.0,false
f0613038-3630-4830-835e-adc58e3014a8,USD,true,86a63f21-ba05-457f-afd1-aefb10607603,3a1f9412-e4c5-4177-90ea-6569f32a664c,12.0,false
f0a21852-042f-45f2-9365-037494993cee,GBP,true,86a63f21-ba05-457f-afd1-aefb10607603,b7236800-fe66-4535-ab97-23b74fba66a8,0.0,false
f17ca2f0-42ad-4501-836c-d2e9752665ac,USD,true,86a63f21-ba05-457f-afd1-aefb10607603,022bc520-5c8c-4ea2-8006-2dca652805ca,25.0,false
f1c853b5-1989-4571-a86f-6083f9a00bff,EUR,true,86a63f21-ba05-457f-afd1-aefb10607603,062d0221-24ae-4037-9aae-180af606c12e,240.35,false
f234ccd4-fc9e-40bd-ae3b-3945875d4747,USD,true,86a63f21-ba05-457f-afd1-aefb10607603,0a711ea9-d0f9-4088-9af3-602ac9e17d43,525.0,false
f24de52c-b9a4-4c8e-9e36-b4a896b40fe8,USD,true,86a63f21-ba05-457f-afd1-aefb10607603,b1aee63c-96ac-4c99-99f8-1d5306ed8899,1900.0,false
f2767ab5-eddb-4882-95f2-3cd731c78a13,GBP,true,86a63f21-ba05-457f-afd1-aefb10607603,03614e34-adc8-473c-88d6-b6d2f79f3cd1,8000.0,false
f286751d-5d06-41a5-8a65-4b5c4dbca23a,USD,true,86a63f21-ba05-457f-afd1-aefb10607603,9eef1dd3-5650-4f15-b15a-214b1d02b692,15000.0,false
f2ca3d4b-ccb3-47e1-8ce9-807875dea629,USD,true,86a63f21-ba05-457f-afd1-aefb10607603,b7236800-fe66-4535-ab97-23b74fba66a8,0.0,false
f2cffaa8-8d15-4ea1-80b1-f389c52e3952,AUD,true,86a63f21-ba05-457f-afd1-aefb10607603,5f041dd1-49ba-4b56-8682-84bf13c1259c,834.0,false
f3390101-0e36-48fe-94f2-b4f046258d76,GBP,true,86a63f21-ba05-457f-afd1-aefb10607603,f13b9cbd-02be-4140-aff8-cbf0617c9b25,4000.0,false
f3d82d17-e825-4a99-9536-b5157ced565e,AUD,true,86a63f21-ba05-457f-afd1-aefb10607603,20ac81d0-9479-44e1-ba7b-70651b1bf2a4,139.0,false
f488d433-952e-46d4-8d9e-0403d97dbda5,AUD,true,86a63f21-ba05-457f-afd1-aefb10607603,e3a30657-ec19-4311-ac57-7fb9f421e9f1,0.0,false
f53a6582-ebc6-489c-80c6-51d7ad7f4528,AUD,true,86a63f21-ba05-457f-afd1-aefb10607603,742b98a5-0b7c-4621-ae25-b23f29b978e1,1559.58,false
f53ca285-cc2e-44ae-936c-1f025f450129,AUD,true,86a63f21-ba05-457f-afd1-aefb10607603,b7978016-2848-457a-9c1f-abdbd92dc855,619.94,false
f5664a98-b3da-449f-a566-72c9fe9f5455,GBP,true,86a63f21-ba05-457f-afd1-aefb10607603,1e57fd0c-a984-4cb1-83ca-9ba0b8b57e21,400.0,false
f58f4707-7d32-449b-8a04-4992260cd135,GBP,true,86a63f21-ba05-457f-afd1-aefb10607603,b5d58a05-67cf-437a-bba8-11c2a395679f,28.8,false
f58fd72a-56e1-47a5-80f8-80a97fca3b91,GBP,true,86a63f21-ba05-457f-afd1-aefb10607603,15fbcac6-1c60-4218-bf20-04262fbf00f3,32.8,false
f5e1a199-9a9c-4e5d-99f1-acbe469b0528,GBP,true,86a63f21-ba05-457f-afd1-aefb10607603,0a711ea9-d0f9-4088-9af3-602ac9e17d43,420.0,false
f5fb3395-7dce-4c70-a496-63ffeb01c8dc,USD,true,86a63f21-ba05-457f-afd1-aefb10607603,20ac81d0-9479-44e1-ba7b-70651b1bf2a4,100.0,false
f60decab-36ce-4bde-bfcd-325743f37b86,USD,true,86a63f21-ba05-457f-afd1-aefb10607603,532ff7f1-22ff-4d2f-90df-3fe6aec006ef,125.0,false
f62c0785-cae7-419c-b5dd-3d9964a17c5f,USD,true,86a63f21-ba05-457f-afd1-aefb10607603,d4d547b9-68dc-453c-843b-006fc1a17e6b,5000.0,false
f6315109-9784-459b-863c-37ef37071877,GBP,true,86a63f21-ba05-457f-afd1-aefb10607603,428f565d-f194-4e76-99e0-8e9a50823f0d,2319.2,false
f6728779-d4b9-49c2-97c1-ad9da64da3b2,AUD,true,86a63f21-ba05-457f-afd1-aefb10607603,69ce26ff-c154-49c0-8f63-a8f99943a47c,1202.35,false
f6a3c192-b93f-4142-95ed-e5e1ab988521,USD,true,86a63f21-ba05-457f-afd1-aefb10607603,f4c6e0c6-0b55-423f-b2ce-d8d495768e4b,480.0,false
f74c97ef-0dce-4870-87d9-ee972854adf2,EUR,true,86a63f21-ba05-457f-afd1-aefb10607603,f49c253b-5f7f-4f0b-acab-7763848653bb,237.5,false
f7af925e-189f-491e-a52a-baa72ead9297,AUD,true,86a63f21-ba05-457f-afd1-aefb10607603,3266a789-fa54-44fb-8349-f9fbbd668bff,221.01,false
f856fc8d-2edc-449d-86ba-c75bc901dc54,USD,true,86a63f21-ba05-457f-afd1-aefb10607603,3a4ddaae-ace2-460d-8c5d-2f8dd2b0333d,2652.0,false
f872495e-e3e4-42b2-a692-ed0411b5a692,AUD,true,86a63f21-ba05-457f-afd1-aefb10607603,37dc4b48-9af2-4506-a0b0-ef84e05f6a90,139.0,false
f873ccba-20e5-482a-8113-b2a60a5502cf,GBP,true,86a63f21-ba05-457f-afd1-aefb10607603,754808a7-5283-4070-ad9d-c8ef800fbb6e,1178.4,false
f99cf8b8-7d51-4bad-92ce-bdbfeef87227,GBP,true,86a63f21-ba05-457f-afd1-aefb10607603,19227197-60c6-4294-b261-fd69eff93ce0,19200.0,false
fa3809fc-9271-48d3-8461-f6264155aa37,AUD,true,86a63f21-ba05-457f-afd1-aefb10607603,1ceef319-f65e-4660-8976-91719f77a0c5,347.5,false
fa5dfce0-2ae0-4bda-acb8-60dbe14e62de,EUR,true,86a63f21-ba05-457f-afd1-aefb10607603,594ff283-25c3-4fe4-94ac-da3214c5ff14,475.0,false
faa72348-5766-4837-9c52-d2091ae83ff7,EUR,true,86a63f21-ba05-457f-afd1-aefb10607603,6a965800-e740-4990-86fe-b6974c9f6327,950.0,false
faea4cbe-97dc-47d1-a542-6b5aee608ba3,USD,true,86a63f21-ba05-457f-afd1-aefb10607603,b7978016-2848-457a-9c1f-abdbd92dc855,446.0,false
fb1ee9bb-6300-4085-9797-491d33f9f571,USD,true,86a63f21-ba05-457f-afd1-aefb10607603,7b73ef0c-375e-409b-a4ce-d5f0a4b50ae4,50.0,false
fb289e56-5b95-41bc-a97e-5360c3f33e43,USD,true,86a63f21-ba05-457f-afd1-aefb10607603,b371fe7e-f0a5-4e7f-80b5-2e9b776e36d9,100.0,false
fc311153-00be-467e-96ef-b7b017b6c6fe,EUR,true,86a63f21-ba05-457f-afd1-aefb10607603,e56f1f6f-3d44-4ec9-bbb6-cc42d9ede886,5337.7935,false
fd238d6f-1e04-44a6-b32b-dcab696ea946,AUD,true,86a63f21-ba05-457f-afd1-aefb10607603,0197c8c1-c7c0-4613-b498-3febbde1effe,11.0505,false
fd9bddc6-e828-476c-b211-da5dab1e4daa,EUR,true,86a63f21-ba05-457f-afd1-aefb10607603,5c787b6a-2e1a-4695-9b42-8a6838d71f36,142.5,false
ff1adf37-5b09-41fb-9eb2-08e71a1f2a85,USD,true,86a63f21-ba05-457f-afd1-aefb10607603,69fe359b-9fb4-4ce0-b573-4176afce6223,399.0,false
ff7003fb-20ba-4ab0-9fc1-46a4410e154f,GBP,true,86a63f21-ba05-457f-afd1-aefb10607603,90911f47-1ceb-4eb2-b454-229460f43483,408.0,false
ffdda80c-c42e-41d9-83e7-ea0550bfa8c4,GBP,true,86a63f21-ba05-457f-afd1-aefb10607603,b371fe7e-f0a5-4e7f-80b5-2e9b776e36d9,80.0,false
fff1dab8-7e88-4cf1-b5f5-bac4be50b157,USD,true,86a63f21-ba05-457f-afd1-aefb10607603,0197c8c1-c7c0-4613-b498-3febbde1effe,7.95,false
