"Guid","CurrencyIsoCode","Name","SBQQ__Description__c","SBQQ__LowerBound__c","SBQQ__OriginalPrice__c","SBQQ__Price__c","SBQQ__PricingMethod__c","SBQQ__ProcessingOrder__c","SBQQ__QuoteLineConsumptionSchedule__c","SBQQ__UpperBound__c"
0053f2c7-e79a-454c-b836-698a7bc8a5bc,USD,R-000002,"#N/A",11.0,135.0,135.0,PerUnit,2.0,bfe0d88c-2821-4c71-a214-0bada9df486f,21.0
0093efa6-4023-4559-bd11-992f52dd6457,USD,R-000005,"#N/A",101.0,100.0,100.0,PerUnit,5.0,6c47aecc-f3b7-4120-ba72-d44161d9943f,"#N/A"
00e580a7-4ede-43db-9e55-3d5785879c55,USD,R-000002,"#N/A",11.0,135.0,135.0,PerUnit,2.0,5c307514-69dd-44b2-811a-9493974f786c,21.0
010c7a69-bfb8-4a52-896c-8f04144798c2,USD,R-000002,"#N/A",11.0,135.0,135.0,PerUnit,2.0,80a9d74e-3e8f-43c4-85ca-db08b5731426,21.0
011193ba-26aa-4487-83a6-7c51e1a9444b,USD,R-000004,"#N/A",51.0,105.0,105.0,PerUnit,4.0,0afe9a22-3ad3-4973-8032-f0fdfdfc79d8,101.0
01220293-df0e-460f-a8f0-69688558cbe6,USD,R-000003,"#N/A",21.0,120.0,120.0,PerUnit,3.0,5208cdc7-817c-4ebe-9a77-eb34ff756563,51.0
013c128b-8cdb-4a0e-a69c-c9943b227cb6,USD,R-000001,"#N/A",1.0,150.0,150.0,PerUnit,1.0,396c6d87-508e-476b-bc0c-bb0663949893,11.0
016f8b22-5951-4c9b-966f-f3e4accd9996,USD,R-000003,"#N/A",21.0,120.0,120.0,PerUnit,3.0,41b68e8a-988d-46ec-999f-0d2347fc2677,51.0
01baf16d-023c-431f-840c-a5773a2b0ccc,USD,R-000004,"#N/A",51.0,105.0,105.0,PerUnit,4.0,6753a080-f307-49ee-9d8f-50919d85307a,101.0
0223c55a-886f-4ed5-9469-ff4a7210eee0,USD,R-000005,"#N/A",101.0,100.0,100.0,PerUnit,5.0,77b45590-50f5-4cef-85a2-dd4eb13860c9,"#N/A"
02e9438c-3bf3-467b-9219-fc78b4025c93,USD,R-000001,"#N/A",1.0,150.0,150.0,PerUnit,1.0,4565c239-e89d-4acd-936d-541eabac5a98,11.0
03932545-4afb-415c-a7d8-9dfe553697f4,USD,R-000011,"#N/A",201.0,10.5,10.5,PerUnit,3.0,6a86c180-86ca-436b-bc2e-357dc7d4ba45,301.0
03d21330-3695-470d-b6d6-8055d5a5387b,USD,R-000005,"#N/A",101.0,100.0,100.0,PerUnit,5.0,91e459b5-382e-4628-b794-ccca4f246b9e,"#N/A"
0419e27f-bcd4-42f0-9c52-b67f625ed330,USD,R-000004,"#N/A",51.0,105.0,105.0,PerUnit,4.0,0fa6ff87-cf0c-47cb-ad89-7e5e4c463359,101.0
0490cc6d-e4f2-4730-ac2f-a1a6fc2ff3db,USD,R-000004,"#N/A",51.0,105.0,105.0,PerUnit,4.0,6c47aecc-f3b7-4120-ba72-d44161d9943f,101.0
04b9002c-c506-4e5b-90f6-ef85f8241030,USD,R-000004,"#N/A",51.0,105.0,105.0,PerUnit,4.0,acc6f6a0-89a0-4d5f-b7c0-a34e4b84c9fd,101.0
04c98f10-fc25-443a-a47c-d3047c535c29,USD,R-000005,"#N/A",101.0,100.0,100.0,PerUnit,5.0,d8137af1-193f-4d34-adb5-5d2a55b09639,"#N/A"
04e86832-9ab7-49cf-9494-5e387cbe8c3f,USD,R-000004,"#N/A",51.0,105.0,105.0,PerUnit,4.0,5208cdc7-817c-4ebe-9a77-eb34ff756563,101.0
051eaf1b-63b6-4b2c-a580-cfd01619c05d,USD,R-000005,"#N/A",101.0,100.0,100.0,PerUnit,5.0,8f8a55a2-29bf-4dfc-80f7-bbd76121869c,"#N/A"
0595a974-6fe2-4c9c-a9fa-b7a4ad74b06b,USD,R-000003,"#N/A",21.0,120.0,120.0,PerUnit,3.0,7aa39d68-23ca-4e99-8c75-6e977f03d5f1,51.0
05adba13-490a-4bb4-8081-7ad7a60294bc,USD,R-000001,"#N/A",1.0,150.0,150.0,PerUnit,1.0,c0893780-e32d-422a-b8ff-3b38738437b2,11.0
05fbf8bb-9848-431d-987f-199ddf8d5a25,USD,R-000001,"#N/A",1.0,150.0,150.0,PerUnit,1.0,d4009a0d-bb24-4a32-9f26-16a00d37678a,11.0
0607b25a-7ae0-494f-a9f7-6ef0c1789fbb,USD,R-000002,"#N/A",11.0,135.0,135.0,PerUnit,2.0,6bc1c28d-87ca-4e77-a03a-233b7f248530,21.0
06ce82bf-838e-4b5e-b9ad-c75c2aebc7b2,USD,R-000003,"#N/A",21.0,120.0,120.0,PerUnit,3.0,1ddeb1d9-4403-4b47-8913-56b52259bb0a,51.0
0783db49-9589-4fab-8e04-10df4edc9991,USD,R-000005,"#N/A",101.0,100.0,100.0,PerUnit,5.0,921dae1b-34ac-4dfa-9017-2801bf0c3c97,"#N/A"
0815af6a-aadb-4097-99ce-0160f77d1e8c,USD,R-000003,"#N/A",21.0,120.0,120.0,PerUnit,3.0,ca396e6b-2dc7-4e0f-be98-2b95b91196d5,51.0
089f5cd0-87d0-497b-b7d3-f75a98a9b0b7,USD,R-000004,"#N/A",51.0,105.0,105.0,PerUnit,4.0,8f612495-3c57-4ce4-9d0f-8d1436e8a389,101.0
08b01392-2939-41c1-9518-350a99da22a5,USD,R-000002,"#N/A",11.0,135.0,135.0,PerUnit,2.0,459afd51-330c-4b7a-83f2-6c885233f9c0,21.0
0a5a7f9c-9581-4930-98e8-2d4b0d86df78,USD,R-000001,"#N/A",1.0,150.0,150.0,PerUnit,1.0,416a154f-e973-483a-b572-8490a4ffb9bf,11.0
0a904a27-8371-4ca9-8734-ffdbdedda183,USD,R-000006,"#N/A",0.0,45000.0,45000.0,PerUnit,1.0,8e598d10-f96d-48d8-90db-858ed411dd56,3.0
0b3fc933-9376-4940-b0d8-79aea99cc81a,USD,R-000002,"#N/A",11.0,135.0,135.0,PerUnit,2.0,4b13c5de-af18-4a77-aa1a-2e172b993527,21.0
0b8b3364-db25-4ee0-94f3-385390a7b0d7,USD,R-000001,"#N/A",1.0,150.0,150.0,PerUnit,1.0,57d6411d-560a-4cb0-b225-a64a26f92276,11.0
0c1c1f26-8068-406a-b162-d086607fee93,USD,R-000005,"#N/A",101.0,100.0,100.0,PerUnit,5.0,64394bf0-d52d-4ba4-a89f-e31662602157,"#N/A"
0c897751-0a66-4407-8607-487e8b6cedce,USD,R-000005,"#N/A",101.0,100.0,100.0,PerUnit,5.0,ef540412-48a4-44f6-b1ed-ab6a4d7f15c2,"#N/A"
0cae9d45-e31e-4c52-8c45-17645f51ff41,USD,R-000002,"#N/A",11.0,135.0,135.0,PerUnit,2.0,c859b2bd-089f-46dc-b1fc-6ce555d6676d,21.0
0cd792e5-83fa-438a-a908-9d975cc4c00e,USD,R-000005,"#N/A",101.0,100.0,100.0,PerUnit,5.0,0079349d-4736-4259-aef5-b44f675821e8,"#N/A"
0d1e9fa8-b504-40f6-9722-8907e311abc0,USD,R-000004,"#N/A",51.0,105.0,105.0,PerUnit,4.0,31aba6d1-068a-4596-9fd7-d625202b749a,101.0
0dff8bd3-8c7e-4a87-8cf6-1f476479002f,USD,R-000001,"#N/A",1.0,150.0,150.0,PerUnit,1.0,acc6f6a0-89a0-4d5f-b7c0-a34e4b84c9fd,11.0
0e01046b-28d0-4ff5-8af7-331260042a3c,USD,R-000008,"#N/A",3.0,50000.0,50000.0,FlatFee,2.0,2fceacc3-eb9f-478e-812e-fc02484fe426,"#N/A"
0e0f7413-4205-4446-8850-c0f2c545738d,USD,R-000002,"#N/A",11.0,135.0,135.0,PerUnit,2.0,b89c615c-0ffc-40ee-ad63-e16eba524819,21.0
0ecf482c-feeb-4658-8db0-118ade888176,USD,R-000004,"#N/A",51.0,105.0,105.0,PerUnit,4.0,27a7f0c5-4c41-4d31-ad5b-28213e40427e,101.0
0fbbab0c-7d50-4d4a-a86e-0f05ea4213a2,USD,R-000004,"#N/A",51.0,105.0,105.0,PerUnit,4.0,6d3b6755-aa41-479d-b401-188e1a608095,101.0
0fd9046d-6f83-48a6-9a4d-6c6aef399647,USD,R-000003,"#N/A",21.0,120.0,120.0,PerUnit,3.0,27a7f0c5-4c41-4d31-ad5b-28213e40427e,51.0
0fe1745b-1853-4296-8824-a86cd145100d,USD,R-000004,"#N/A",51.0,105.0,105.0,PerUnit,4.0,876a2ef4-3f13-4218-b163-e3cba5aadd3e,101.0
105d1a98-1c67-4950-b9c3-f2ccbe1c96fd,USD,R-000003,"#N/A",21.0,120.0,120.0,PerUnit,3.0,8a5d2146-f8ac-47f1-afe7-4725d448d4ab,51.0
10ccb02e-1c67-4dfd-95f3-7a405b7e105b,USD,R-000001,"#N/A",1.0,150.0,150.0,PerUnit,1.0,c2eebe44-feb1-4b30-9d03-c43f59af9e22,11.0
10d067eb-481e-491b-8ec2-74610af51dc0,USD,R-000001,"#N/A",1.0,150.0,150.0,PerUnit,1.0,0b93e705-7a2e-4744-ade6-14645805effc,11.0
10e4bae9-8c1b-4ce4-a18e-e9b494e0b70c,USD,R-000005,"#N/A",101.0,100.0,100.0,PerUnit,5.0,13b7791b-7ea6-466e-afdd-7ea1e554c1f4,"#N/A"
11035ab1-69b9-4f1b-a970-81c5040b23c4,USD,R-000004,"#N/A",51.0,105.0,105.0,PerUnit,4.0,9dde195b-537f-4c58-874d-79175975670d,101.0
11597346-e236-4995-9f6f-1d272f62d95b,USD,R-000004,"#N/A",51.0,105.0,105.0,PerUnit,4.0,f0dd2e48-a4d0-40cf-8179-11cd8a090239,101.0
123f8709-5f81-42c8-b4c4-db57f2ca3a3b,USD,R-000003,"#N/A",21.0,120.0,120.0,PerUnit,3.0,19fce6b2-fdae-4eda-b023-7fde27375967,51.0
12b24511-00a1-4993-a1d9-5ef7a9356d30,USD,R-000002,"#N/A",11.0,135.0,135.0,PerUnit,2.0,d9f956e1-2543-4500-b19d-4f2e562376fc,21.0
12c33115-b33c-44ec-9fca-8c4919b2a911,USD,R-000002,"#N/A",11.0,135.0,135.0,PerUnit,2.0,1ddeb1d9-4403-4b47-8913-56b52259bb0a,21.0
12d804ea-f546-4066-9b1c-81f1d7a5b6a8,USD,R-000004,"#N/A",51.0,105.0,105.0,PerUnit,4.0,3f1e9c3a-31cf-480e-b606-8181a49ccdad,101.0
13a8d5fa-7f43-4671-ab33-e5e6efb47593,USD,R-000003,"#N/A",21.0,120.0,120.0,PerUnit,3.0,6c47aecc-f3b7-4120-ba72-d44161d9943f,51.0
147eb694-23a0-453a-90a2-84b1e4047fa7,USD,R-000001,"#N/A",1.0,150.0,150.0,PerUnit,1.0,988e9595-8ae0-4132-8683-c28755bf8182,11.0
14c1dfa2-39fe-413c-b06e-6c2e663451d7,USD,R-000002,"#N/A",11.0,135.0,135.0,PerUnit,2.0,2c06d914-2777-4913-8ff5-9c5a550d1ff6,21.0
14e38d38-b81d-49db-a32a-19d252620ade,USD,R-000001,"#N/A",1.0,150.0,150.0,PerUnit,1.0,fccf410c-43b0-400d-a824-d7f544ddd5a8,11.0
1565d32b-64e0-4432-836e-b3b897733ed6,USD,R-000002,"#N/A",11.0,135.0,135.0,PerUnit,2.0,3b65e52c-59d4-449b-a4d1-ab3c02da3eef,21.0
15c1d76c-9590-4509-8320-0e35673ccb8d,USD,R-000003,"#N/A",21.0,120.0,120.0,PerUnit,3.0,4565c239-e89d-4acd-936d-541eabac5a98,51.0
15feee1f-a224-4d01-9d78-9f04c2cc771d,USD,R-000004,"#N/A",51.0,105.0,105.0,PerUnit,4.0,2fdbed93-64e6-404f-b0ff-65fdfe79dc8e,101.0
160ee8f4-0bd9-4425-8fc7-38fcccdfe2d5,USD,R-000001,"#N/A",1.0,150.0,150.0,PerUnit,1.0,3fb8f3a6-7dc6-4295-b9ec-d02fe755a37e,11.0
16196695-dbe8-4a57-b036-a31633e8b429,USD,R-000002,"#N/A",11.0,135.0,135.0,PerUnit,2.0,3fb8f3a6-7dc6-4295-b9ec-d02fe755a37e,21.0
16868406-4d97-4672-a686-9597381f7dcd,USD,R-000005,"#N/A",101.0,100.0,100.0,PerUnit,5.0,0feb1b8e-0bf7-4dad-9cf2-fb3b26a0f23c,"#N/A"
16c90c1a-426d-43fa-9695-fb80cb01a4b0,USD,R-000002,"#N/A",11.0,135.0,135.0,PerUnit,2.0,d82e1ff8-ad30-4c4c-9311-ca4a30255b03,21.0
17244672-d76c-4658-9a70-2ead8d247ec5,USD,R-000002,"#N/A",11.0,135.0,135.0,PerUnit,2.0,a52302d7-d71f-4aa0-97b2-ec571327ed6a,21.0
17a7010f-3c34-4c13-b0ec-7c359b477e8c,USD,R-000003,"#N/A",21.0,120.0,120.0,PerUnit,3.0,dc59355e-a8ce-4f94-bf9f-da0d49ef9716,51.0
189a4913-ba5f-401b-915b-3a8d697db21a,USD,R-000002,"#N/A",11.0,135.0,135.0,PerUnit,2.0,13b7791b-7ea6-466e-afdd-7ea1e554c1f4,21.0
1909e436-1bc7-4a78-8cf0-d772f7ef8ba6,USD,R-000001,"#N/A",1.0,150.0,150.0,PerUnit,1.0,b89c615c-0ffc-40ee-ad63-e16eba524819,11.0
192320c8-14e0-4b76-997b-c38d18b504b3,USD,R-000002,"#N/A",11.0,135.0,135.0,PerUnit,2.0,6337453e-b096-4211-b82d-921e2131c1b7,21.0
19234bd7-6d99-4564-97fc-c8d9b8a7c052,USD,R-000010,"#N/A",101.0,11.0,11.0,PerUnit,2.0,af048d41-1498-4b00-8762-c6c34a2a4fb2,201.0
19c6e3f6-6c21-4028-b776-8873f268fb05,USD,R-000002,"#N/A",11.0,135.0,135.0,PerUnit,2.0,b48224b6-5fdb-4614-a0ba-ad78bdc4c015,21.0
1a484e1b-2da8-4424-a4d2-e9d4ea3c30f2,USD,R-000003,"#N/A",21.0,120.0,120.0,PerUnit,3.0,3e3ad8e4-8e99-4482-8ee6-7b4756b68fa9,51.0
1a9d1bbe-3962-4ce4-a14f-aeb468d5be69,USD,R-000003,"#N/A",21.0,120.0,120.0,PerUnit,3.0,7b726e29-fb55-42e2-a814-1aa57eccc7d4,51.0
1aae9649-c0e8-4eea-b179-2afc1d6d4e5d,USD,R-000012,"#N/A",301.0,10.0,10.0,PerUnit,4.0,a451f088-1777-49dd-9e67-bcc6feea5d0a,"#N/A"
1b011339-ffec-4617-8002-5121a6690986,USD,R-000005,"#N/A",101.0,100.0,100.0,PerUnit,5.0,c82f2d4e-90ce-441d-b6c6-0b51b92b3956,"#N/A"
1b6b577d-e209-4408-b74c-709e5f82d149,USD,R-000004,"#N/A",51.0,105.0,105.0,PerUnit,4.0,03e3ed72-e171-4ffb-8b78-5b64d106287a,101.0
1b755002-e4e7-4aaf-880d-c972543e7d56,USD,R-000001,"#N/A",1.0,150.0,150.0,PerUnit,1.0,dc8217ee-e030-4ab4-96aa-b19c59bf52f4,11.0
1bc28ebd-4f0d-450b-b99b-0106908c442f,USD,R-000002,"#N/A",11.0,135.0,135.0,PerUnit,2.0,8f612495-3c57-4ce4-9d0f-8d1436e8a389,21.0
1bd7789b-1e27-4fcb-a61f-3be7d49f0720,USD,R-000001,"#N/A",1.0,150.0,150.0,PerUnit,1.0,cf4aa9f2-5ab5-42ba-a044-e32d28616463,11.0
1cb70bce-ab0e-4606-9eab-a6a03c1090f1,USD,R-000002,"#N/A",11.0,135.0,135.0,PerUnit,2.0,416a154f-e973-483a-b572-8490a4ffb9bf,21.0
1cc15944-cc46-4674-9766-260e2b6e943d,USD,R-000001,"#N/A",1.0,150.0,150.0,PerUnit,1.0,72eeaf7d-385e-459e-ba60-d67bab4064c8,11.0
1d1dfaba-617d-4b49-872c-2aabc0f2b414,USD,R-000005,"#N/A",101.0,100.0,100.0,PerUnit,5.0,7aa39d68-23ca-4e99-8c75-6e977f03d5f1,"#N/A"
1d4080eb-ed87-4356-bc2f-d046bb32b19d,USD,R-000003,"#N/A",21.0,120.0,120.0,PerUnit,3.0,07434b4c-7fc3-46bb-888c-3771c4eac222,51.0
1d72f1c6-9b93-4177-b8b2-317fedc44723,USD,R-000004,"#N/A",51.0,105.0,105.0,PerUnit,4.0,df107f42-9bbe-4827-89ae-b9ddd23d5f15,101.0
1d95a33d-ccb9-436e-9eb5-e69324490596,USD,R-000003,"#N/A",21.0,120.0,120.0,PerUnit,3.0,0b93e705-7a2e-4744-ade6-14645805effc,51.0
1d9b49f6-5e67-45a2-a402-23b1cf04c269,USD,R-000002,"#N/A",11.0,135.0,135.0,PerUnit,2.0,6c47aecc-f3b7-4120-ba72-d44161d9943f,21.0
1e210df5-6f8e-413b-952d-020d0dc47c10,USD,R-000001,"#N/A",1.0,150.0,150.0,PerUnit,1.0,42acedf4-0fc0-4aa8-be52-a3f2a5b53d6b,11.0
1ed39579-b571-45a3-8677-e6dd977a05a2,USD,R-000004,"#N/A",51.0,105.0,105.0,PerUnit,4.0,8447ae9c-80e1-459b-9d9b-5ff9bbd01217,101.0
1fb471ae-9eb7-4c81-bda5-60cdad1bb88b,USD,R-000005,"#N/A",101.0,100.0,100.0,PerUnit,5.0,866e2d2f-65ee-4df1-b4b9-ae701e18a97e,"#N/A"
1fe7a9cc-393e-430f-8411-4234fc33bd78,USD,R-000004,"#N/A",51.0,105.0,105.0,PerUnit,4.0,3fb8f3a6-7dc6-4295-b9ec-d02fe755a37e,101.0
208d3867-c52e-42a1-8af2-db06244d408d,USD,R-000002,"#N/A",11.0,135.0,135.0,PerUnit,2.0,0fa6ff87-cf0c-47cb-ad89-7e5e4c463359,21.0
208f1add-c807-4bb0-9bc7-0bb501b1e319,USD,R-000001,"#N/A",1.0,150.0,150.0,PerUnit,1.0,ac160d59-9d28-4a46-97fb-e8cb9bb2904a,11.0
209246f2-0faf-48a2-b78c-e3028fcd50c8,USD,R-000002,"#N/A",11.0,135.0,135.0,PerUnit,2.0,91e459b5-382e-4628-b794-ccca4f246b9e,21.0
20bd9bc7-2d27-48ca-b5d8-3a34f50ea2e6,USD,R-000006,"#N/A",0.0,45000.0,45000.0,PerUnit,1.0,38bb0262-fe45-40ce-a92e-fae8f617fb74,3.0
20be1e68-b60c-4cc2-a008-3ef337586203,USD,R-000004,"#N/A",51.0,105.0,105.0,PerUnit,4.0,8f8a55a2-29bf-4dfc-80f7-bbd76121869c,101.0
21c6cf6e-1de1-4678-b980-f3d0d819560a,USD,R-000005,"#N/A",101.0,100.0,100.0,PerUnit,5.0,6bc1c28d-87ca-4e77-a03a-233b7f248530,"#N/A"
2206a78d-169d-4114-b5f3-2ec8bcabdf68,USD,R-000005,"#N/A",101.0,100.0,100.0,PerUnit,5.0,c859b2bd-089f-46dc-b1fc-6ce555d6676d,"#N/A"
236c7014-c01e-4be2-a09f-110f8183f3e1,USD,R-000004,"#N/A",51.0,105.0,105.0,PerUnit,4.0,4565c239-e89d-4acd-936d-541eabac5a98,101.0
23a400dc-4c97-49bc-a723-6a6e389bc007,USD,R-000002,"#N/A",11.0,135.0,135.0,PerUnit,2.0,8f8a55a2-29bf-4dfc-80f7-bbd76121869c,21.0
23a6a04b-8a6f-4ca3-8110-a4a8f7382c07,USD,R-000003,"#N/A",21.0,120.0,120.0,PerUnit,3.0,5980940e-03eb-4320-b35a-c18df7c77763,51.0
24417774-9c92-4fe2-9d1b-39286a2b86ba,USD,R-000001,"#N/A",1.0,150.0,150.0,PerUnit,1.0,4e0cedbe-b4ac-4fc5-9ae8-4048af0f406a,11.0
24506fa4-6a42-475e-b6f4-5d516bc6bc04,USD,R-000003,"#N/A",21.0,120.0,120.0,PerUnit,3.0,d4009a0d-bb24-4a32-9f26-16a00d37678a,51.0
24786c60-b0d9-4b13-ab8d-fb3b138f8115,USD,R-000002,"#N/A",11.0,135.0,135.0,PerUnit,2.0,0feb1b8e-0bf7-4dad-9cf2-fb3b26a0f23c,21.0
24787df8-89ec-430c-b897-17ab8a3f31d9,USD,R-000004,"#N/A",51.0,105.0,105.0,PerUnit,4.0,42acedf4-0fc0-4aa8-be52-a3f2a5b53d6b,101.0
248c12a5-21f1-47f5-8cd2-e8dce704a8bb,USD,R-000003,"#N/A",21.0,120.0,120.0,PerUnit,3.0,866e2d2f-65ee-4df1-b4b9-ae701e18a97e,51.0
24bb9560-1a37-4539-812c-4b167573414a,USD,R-000001,"#N/A",1.0,150.0,150.0,PerUnit,1.0,64394bf0-d52d-4ba4-a89f-e31662602157,11.0
24c5dd9a-4837-4314-8083-967da2cb3266,USD,R-000005,"#N/A",101.0,100.0,100.0,PerUnit,5.0,9dde195b-537f-4c58-874d-79175975670d,"#N/A"
2537170c-2cf8-4144-8217-8a9ad6f3dcc6,USD,R-000005,"#N/A",101.0,100.0,100.0,PerUnit,5.0,d0726560-13e8-4bcf-acdb-8d536e4b0fdf,"#N/A"
254ab1e6-b7cd-4417-91b3-6ebef76d9591,USD,R-000004,"#N/A",51.0,105.0,105.0,PerUnit,4.0,6bc1c28d-87ca-4e77-a03a-233b7f248530,101.0
2597f772-7446-4069-b24d-bf17916f5a4c,USD,R-000003,"#N/A",21.0,120.0,120.0,PerUnit,3.0,0afe9a22-3ad3-4973-8032-f0fdfdfc79d8,51.0
25a30544-3e02-4b6d-ae57-089a9a3415b9,USD,R-000003,"#N/A",21.0,120.0,120.0,PerUnit,3.0,5dee0e83-a3df-4f0a-9993-e3bd1d3f67a1,51.0
25d6d46f-4216-49be-8169-f52b1a0a1751,USD,R-000004,"#N/A",51.0,105.0,105.0,PerUnit,4.0,7b4552d9-8656-4b78-875c-06786cf2442d,101.0
2603fe9c-0fbd-4efb-8f55-37e5a55fd3ff,USD,R-000009,"#N/A",1.0,12.0,12.0,PerUnit,1.0,ccfb1475-5722-4920-be82-f793c8642284,101.0
26397d0e-e473-4be3-9aef-2d0fb0b669f7,USD,R-000001,"#N/A",1.0,150.0,150.0,PerUnit,1.0,876a2ef4-3f13-4218-b163-e3cba5aadd3e,11.0
263e77fc-b34d-468e-a265-3d35e77051b9,USD,R-000005,"#N/A",101.0,100.0,100.0,PerUnit,5.0,2fdbed93-64e6-404f-b0ff-65fdfe79dc8e,"#N/A"
2734da89-f0b2-4aaa-9621-bd15e70d5c13,USD,R-000002,"#N/A",11.0,135.0,135.0,PerUnit,2.0,7b4552d9-8656-4b78-875c-06786cf2442d,21.0
27c4efd9-9efe-45dc-aa02-b8aeebcccb5e,USD,R-000005,"#N/A",101.0,100.0,100.0,PerUnit,5.0,2272349d-49b1-4cbc-a8a5-e1cddc4e0a0f,"#N/A"
27c51409-4c10-432e-8577-17557004e12e,USD,R-000004,"#N/A",51.0,105.0,105.0,PerUnit,4.0,a52302d7-d71f-4aa0-97b2-ec571327ed6a,101.0
27d1e15d-66f6-4531-aa80-750f69a55789,USD,R-000004,"#N/A",51.0,105.0,105.0,PerUnit,4.0,416a154f-e973-483a-b572-8490a4ffb9bf,101.0
2833516d-4231-4266-82c6-c76e524048f5,USD,R-000005,"#N/A",101.0,100.0,100.0,PerUnit,5.0,4b13c5de-af18-4a77-aa1a-2e172b993527,"#N/A"
287c9fdb-32f9-41c7-affe-61e0df99ae93,USD,R-000003,"#N/A",21.0,120.0,120.0,PerUnit,3.0,c859b2bd-089f-46dc-b1fc-6ce555d6676d,51.0
294fe13d-6e1e-418e-8b31-f0694a9974ae,USD,R-000002,"#N/A",11.0,135.0,135.0,PerUnit,2.0,57d6411d-560a-4cb0-b225-a64a26f92276,21.0
295c15f8-5ad2-49f3-9048-882511d7da49,USD,R-000004,"#N/A",51.0,105.0,105.0,PerUnit,4.0,7b2df618-166e-4bd0-afe1-1205cc089206,101.0
29be8913-225c-4a3e-9338-87897529b9e4,USD,R-000005,"#N/A",101.0,100.0,100.0,PerUnit,5.0,f0dd2e48-a4d0-40cf-8179-11cd8a090239,"#N/A"
2a0b37c6-fc99-41e7-a759-1c82c6143b01,USD,R-000004,"#N/A",51.0,105.0,105.0,PerUnit,4.0,a7aa7d9b-99b1-4e57-a7fa-42769ce30b26,101.0
2a7d3c43-b5b2-4fe3-a289-67a3d717a90c,USD,R-000005,"#N/A",101.0,100.0,100.0,PerUnit,5.0,7b726e29-fb55-42e2-a814-1aa57eccc7d4,"#N/A"
2aef8ed9-9377-4d58-9242-fd65945848c6,USD,R-000009,"#N/A",1.0,12.0,12.0,PerUnit,1.0,3972d6e6-a197-4957-9374-782f6dd0bd05,101.0
2b316782-a8a9-4de5-8f88-f291e78d6236,USD,R-000004,"#N/A",51.0,105.0,105.0,PerUnit,4.0,f6f289b9-e86c-439c-9ba7-125bae70ecae,101.0
2ba7720a-6d37-4efc-a8e2-a9b06e3dfcfc,USD,R-000004,"#N/A",51.0,105.0,105.0,PerUnit,4.0,a9ee115c-e5de-445f-8fe3-9fd3e3063d69,101.0
2bcf7019-3515-43dd-ac57-b9ef1cd11636,USD,R-000002,"#N/A",11.0,135.0,135.0,PerUnit,2.0,311d4e36-589e-4c4a-89ff-235891dae3c2,21.0
2c83f236-a8f9-4662-ac18-f1a60958ac2c,USD,R-000001,"#N/A",1.0,150.0,150.0,PerUnit,1.0,08e80051-4e16-44b9-a72f-ad3a3b32187f,11.0
2c967060-5c66-4b2c-b6f9-34c5f9c512f9,USD,R-000002,"#N/A",11.0,135.0,135.0,PerUnit,2.0,c97e3c83-13f6-456c-ac58-31ca96cb6e35,21.0
2cdff335-07d6-417c-95c3-003c91f394a3,USD,R-000003,"#N/A",21.0,120.0,120.0,PerUnit,3.0,6753a080-f307-49ee-9d8f-50919d85307a,51.0
2d8a2635-ff46-4105-821a-286e6faaf7ac,USD,R-000003,"#N/A",21.0,120.0,120.0,PerUnit,3.0,988e9595-8ae0-4132-8683-c28755bf8182,51.0
2d9413d0-9880-4401-b88d-c203fe71d7c4,USD,R-000002,"#N/A",11.0,135.0,135.0,PerUnit,2.0,27a7f0c5-4c41-4d31-ad5b-28213e40427e,21.0
2dd3727c-f8e8-4cd8-adf1-5356f97ea693,USD,R-000005,"#N/A",101.0,100.0,100.0,PerUnit,5.0,df107f42-9bbe-4827-89ae-b9ddd23d5f15,"#N/A"
2e401022-5de7-4597-97f1-a59e81f3f0af,USD,R-000001,"#N/A",1.0,150.0,150.0,PerUnit,1.0,8f8a55a2-29bf-4dfc-80f7-bbd76121869c,11.0
2ecf9cfa-643f-4936-9b19-84be12653e43,USD,R-000005,"#N/A",101.0,100.0,100.0,PerUnit,5.0,dc59355e-a8ce-4f94-bf9f-da0d49ef9716,"#N/A"
2edc5df9-a9e9-441e-bcc9-f695d18509c8,USD,R-000003,"#N/A",21.0,120.0,120.0,PerUnit,3.0,120b2e5c-0cc1-40b0-829a-3bd7f075a54c,51.0
2f616dd0-a83d-48d5-b162-622a84569fa1,USD,R-000003,"#N/A",21.0,120.0,120.0,PerUnit,3.0,81530b65-1f71-496b-ba25-0edd0f302285,51.0
2f88c13d-cbbf-47df-81bf-484aa38c8231,USD,R-000001,"#N/A",1.0,150.0,150.0,PerUnit,1.0,83c38fc5-2a10-46ba-baa8-4e15c11af203,11.0
2fb7ad7a-6e6b-42e0-b73c-e91f65a7240c,USD,R-000003,"#N/A",21.0,120.0,120.0,PerUnit,3.0,396c6d87-508e-476b-bc0c-bb0663949893,51.0
30242cb7-71ac-44a0-a898-eabdcbb4a9f2,USD,R-000002,"#N/A",11.0,135.0,135.0,PerUnit,2.0,1761e3b9-e830-4e67-8a47-947950a7c764,21.0
3028270c-1202-4f28-83df-9da567a718bf,USD,R-000005,"#N/A",101.0,100.0,100.0,PerUnit,5.0,72eeaf7d-385e-459e-ba60-d67bab4064c8,"#N/A"
30a372dd-84db-4d89-a996-b1faf4dd5713,USD,R-000002,"#N/A",11.0,135.0,135.0,PerUnit,2.0,95f9e68a-3682-4b12-b003-49db3198f627,21.0
31fc423f-2534-45d3-acc8-a275f679fcbf,USD,R-000006,"#N/A",0.0,45000.0,45000.0,PerUnit,1.0,3e6780d6-fe0a-4d76-b9cf-b45cd7ee0c67,3.0
3285e786-0d11-460d-a2f2-7c9ca84cd19e,USD,R-000005,"#N/A",101.0,100.0,100.0,PerUnit,5.0,fb0537c8-fd8f-4126-8eae-ceffe7e9a697,"#N/A"
32e51756-dd05-4fa8-adaa-8fcdd9c484ea,USD,R-000001,"#N/A",1.0,150.0,150.0,PerUnit,1.0,282051ce-5f6f-4e28-a1fd-e1e2886e0225,11.0
331c39ca-81dd-4376-9460-6373ad67113f,USD,R-000002,"#N/A",11.0,135.0,135.0,PerUnit,2.0,f1f6e5ea-9a3e-4dd1-84ce-326ad3080b98,21.0
3338ddf2-6699-4a0f-9658-b13b3e316d16,USD,R-000001,"#N/A",1.0,150.0,150.0,PerUnit,1.0,35bab2aa-748a-4455-b29b-61bf07274f02,11.0
33993f91-e7ae-44db-887d-522453a7a48a,USD,R-000002,"#N/A",11.0,135.0,135.0,PerUnit,2.0,5dee0e83-a3df-4f0a-9993-e3bd1d3f67a1,21.0
33f37282-da9c-4147-b41c-8519a352be0b,USD,R-000002,"#N/A",11.0,135.0,135.0,PerUnit,2.0,a9ee115c-e5de-445f-8fe3-9fd3e3063d69,21.0
343824da-25ad-4930-ad51-f387adc69b6f,USD,R-000005,"#N/A",101.0,100.0,100.0,PerUnit,5.0,8a5d2146-f8ac-47f1-afe7-4725d448d4ab,"#N/A"
35182e26-51e3-455d-86f4-85ad0816c4d1,USD,R-000002,"#N/A",11.0,135.0,135.0,PerUnit,2.0,02bc0ef8-39bf-4df9-bc71-d309a128593e,21.0
35ca7e20-5cd4-441e-9ff8-91601e4491da,USD,R-000012,"#N/A",301.0,10.0,10.0,PerUnit,4.0,387e5ccd-d33c-4996-b112-c18249ed01cb,"#N/A"
35cb4867-7767-46bf-b16e-b1b32fa64a01,USD,R-000002,"#N/A",11.0,135.0,135.0,PerUnit,2.0,fccf410c-43b0-400d-a824-d7f544ddd5a8,21.0
35db5e74-ef9c-4001-9b8c-25dd7f6c806b,USD,R-000005,"#N/A",101.0,100.0,100.0,PerUnit,5.0,8da313c6-b16d-4b36-901c-8bac7d6f6fc3,"#N/A"
36174b67-a1b8-4063-885a-791a325e0c32,USD,R-000005,"#N/A",101.0,100.0,100.0,PerUnit,5.0,bfe0d88c-2821-4c71-a214-0bada9df486f,"#N/A"
369809ae-c17a-4f0b-af3c-26a01d81d40f,USD,R-000005,"#N/A",101.0,100.0,100.0,PerUnit,5.0,7b4552d9-8656-4b78-875c-06786cf2442d,"#N/A"
36a22707-4f6a-40bd-a44d-73564e94eb87,USD,R-000004,"#N/A",51.0,105.0,105.0,PerUnit,4.0,5f1e6325-9136-471f-8395-1e224f65bdc2,101.0
36a2e2d7-00c5-4654-b63f-ccfc713a1582,USD,R-000003,"#N/A",21.0,120.0,120.0,PerUnit,3.0,416a154f-e973-483a-b572-8490a4ffb9bf,51.0
36ad994e-7a4a-4856-8fb0-11a0d4238307,USD,R-000005,"#N/A",101.0,100.0,100.0,PerUnit,5.0,c0893780-e32d-422a-b8ff-3b38738437b2,"#N/A"
36f507de-4f29-40c4-ae3a-0c4d9c57179c,USD,R-000005,"#N/A",101.0,100.0,100.0,PerUnit,5.0,8f612495-3c57-4ce4-9d0f-8d1436e8a389,"#N/A"
3756a4b7-6fec-4131-b2db-a00a34e41f3a,USD,R-000002,"#N/A",11.0,135.0,135.0,PerUnit,2.0,f1a2c208-e1ff-4e4b-a025-3004e044c205,21.0
376d9054-1533-4b31-87e5-93c9d138d95a,USD,R-000001,"#N/A",1.0,150.0,150.0,PerUnit,1.0,0c53c71d-46bd-487d-aa7e-cca31ffc4486,11.0
37910d01-7fd4-4fa7-9c68-ae80e9e5b76c,USD,R-000005,"#N/A",101.0,100.0,100.0,PerUnit,5.0,b975938e-bd4b-49f1-a4f1-2dd05935e58a,"#N/A"
37957ca0-f004-42b4-ab3e-5204e42ac0c5,USD,R-000004,"#N/A",51.0,105.0,105.0,PerUnit,4.0,311d4e36-589e-4c4a-89ff-235891dae3c2,101.0
37ac1633-1ad8-49a2-a7e6-7b15b37c36e7,USD,R-000003,"#N/A",21.0,120.0,120.0,PerUnit,3.0,3b65e52c-59d4-449b-a4d1-ab3c02da3eef,51.0
3814dd04-c2f4-4924-b58c-eeb26abbbfd3,USD,R-000004,"#N/A",51.0,105.0,105.0,PerUnit,4.0,fb0537c8-fd8f-4126-8eae-ceffe7e9a697,101.0
38d0724b-5957-4371-97d1-b5cf15b8e340,USD,R-000003,"#N/A",21.0,120.0,120.0,PerUnit,3.0,8f8a55a2-29bf-4dfc-80f7-bbd76121869c,51.0
3a603a0a-61f4-4859-9cfb-18a65d395606,USD,R-000004,"#N/A",51.0,105.0,105.0,PerUnit,4.0,4eaf2b57-95e6-41e4-aada-14b319df0005,101.0
3aece7a7-7d99-4a0c-a771-29e8d55da61c,USD,R-000005,"#N/A",101.0,100.0,100.0,PerUnit,5.0,7675e4ef-6532-43dc-8a43-810c9747c3b2,"#N/A"
3afb5a6e-d89e-438e-a32d-16dabd4d1c28,USD,R-000002,"#N/A",11.0,135.0,135.0,PerUnit,2.0,2b16fe3c-e18e-4c14-8a48-dfee7dab04df,21.0
3b8e1b6e-51a3-48ff-a2cc-1f7f32c25bad,USD,R-000001,"#N/A",1.0,150.0,150.0,PerUnit,1.0,7b2df618-166e-4bd0-afe1-1205cc089206,11.0
3b928698-4c58-4295-b0c7-e4aa3308ab07,USD,R-000005,"#N/A",101.0,100.0,100.0,PerUnit,5.0,4eaf2b57-95e6-41e4-aada-14b319df0005,"#N/A"
3b950669-af49-4287-ab35-b3db5b58839c,USD,R-000002,"#N/A",11.0,135.0,135.0,PerUnit,2.0,3f1e9c3a-31cf-480e-b606-8181a49ccdad,21.0
3b980c4b-df07-46cd-b7f9-7e7dabb3aa37,USD,R-000001,"#N/A",1.0,150.0,150.0,PerUnit,1.0,61d0f8a1-454d-4894-8aff-bcc412e4a6aa,11.0
3ba9dcd7-3bb1-4cf5-baff-ff528dee872b,USD,R-000003,"#N/A",21.0,120.0,120.0,PerUnit,3.0,2272349d-49b1-4cbc-a8a5-e1cddc4e0a0f,51.0
3bdf757c-cdb7-4277-bd34-816218364a95,USD,R-000005,"#N/A",101.0,100.0,100.0,PerUnit,5.0,0b93e705-7a2e-4744-ade6-14645805effc,"#N/A"
3c9a58ee-d19b-4b9f-a7b2-150a90d4c93f,USD,R-000001,"#N/A",1.0,150.0,150.0,PerUnit,1.0,1ddeb1d9-4403-4b47-8913-56b52259bb0a,11.0
3cccf0a8-a22d-45e8-820c-582011c25270,USD,R-000003,"#N/A",21.0,120.0,120.0,PerUnit,3.0,64394bf0-d52d-4ba4-a89f-e31662602157,51.0
3ce6ebae-1566-4943-bdbd-a5a5aabef214,USD,R-000004,"#N/A",51.0,105.0,105.0,PerUnit,4.0,982a677e-fb83-4576-896e-df09a915e10c,101.0
3d10d430-01d0-452b-93ca-b942855d9bbe,USD,R-000001,"#N/A",1.0,150.0,150.0,PerUnit,1.0,8447ae9c-80e1-459b-9d9b-5ff9bbd01217,11.0
3d208171-707f-4ed6-8421-ab3126865531,USD,R-000003,"#N/A",21.0,120.0,120.0,PerUnit,3.0,d3e7baf4-68e5-408e-b3a7-d9fce372a207,51.0
3d758a52-4a9a-4504-88da-937564356f77,USD,R-000003,"#N/A",21.0,120.0,120.0,PerUnit,3.0,f0dd2e48-a4d0-40cf-8179-11cd8a090239,51.0
3da5da62-f97d-4f62-8231-e59f770cb2e4,USD,R-000002,"#N/A",11.0,135.0,135.0,PerUnit,2.0,3e3ad8e4-8e99-4482-8ee6-7b4756b68fa9,21.0
3db0676c-e974-4194-a84c-f197ee7ecefa,USD,R-000004,"#N/A",51.0,105.0,105.0,PerUnit,4.0,b7b4b911-bd4b-4b8c-947b-00a77d3bd9e1,101.0
3e147426-7847-4de5-8a8d-6f3e993444d2,USD,R-000002,"#N/A",11.0,135.0,135.0,PerUnit,2.0,acc6f6a0-89a0-4d5f-b7c0-a34e4b84c9fd,21.0
3e8e2e31-6201-4338-959b-8648a10124a7,USD,R-000005,"#N/A",101.0,100.0,100.0,PerUnit,5.0,e200d01b-3f79-4f7c-8a1a-817109327420,"#N/A"
3f613296-ac48-4d3d-ac80-6e50eaf0c01d,USD,R-000005,"#N/A",101.0,100.0,100.0,PerUnit,5.0,fccf410c-43b0-400d-a824-d7f544ddd5a8,"#N/A"
3fb8e141-38df-4449-8d30-8e9906277a59,USD,R-000005,"#N/A",101.0,100.0,100.0,PerUnit,5.0,5c808d71-7f4f-4fb8-8c2e-1431f0d21e87,"#N/A"
407e4d05-5382-4560-8442-1d0343e1afe6,USD,R-000005,"#N/A",101.0,100.0,100.0,PerUnit,5.0,f1c4adf5-61cc-4b06-b060-e27b0a1d7685,"#N/A"
409a4737-f7b4-4f58-9307-e483194527db,USD,R-000001,"#N/A",1.0,150.0,150.0,PerUnit,1.0,0afe9a22-3ad3-4973-8032-f0fdfdfc79d8,11.0
416b7586-5d21-4777-a644-904eaf201340,USD,R-000002,"#N/A",11.0,135.0,135.0,PerUnit,2.0,ac160d59-9d28-4a46-97fb-e8cb9bb2904a,21.0
418f50b7-22af-4d09-bc7b-2275a355b2a7,USD,R-000004,"#N/A",51.0,105.0,105.0,PerUnit,4.0,95f9e68a-3682-4b12-b003-49db3198f627,101.0
4215388c-04e0-4b1b-a4f6-22d55ac848ae,USD,R-000005,"#N/A",101.0,100.0,100.0,PerUnit,5.0,0321d1b4-b39d-4e3c-80da-3ebc072ed855,"#N/A"
4258886b-b8c1-4dbc-89ed-cde1a0626b4f,USD,R-000001,"#N/A",1.0,150.0,150.0,PerUnit,1.0,2fdbed93-64e6-404f-b0ff-65fdfe79dc8e,11.0
42aec161-8f4c-4bdf-aacc-2d40dae9867d,USD,R-000005,"#N/A",101.0,100.0,100.0,PerUnit,5.0,dc8217ee-e030-4ab4-96aa-b19c59bf52f4,"#N/A"
42e6f393-07e0-4bdf-b78b-c3a157dd0016,USD,R-000002,"#N/A",11.0,135.0,135.0,PerUnit,2.0,5e6defb5-6abd-453e-a5cc-4d7d14ab614d,21.0
437a1aab-c5c7-4961-8e7b-e4c9f1cbda45,USD,R-000003,"#N/A",21.0,120.0,120.0,PerUnit,3.0,38b7ce85-6f20-4f82-984e-c9dcac4feda6,51.0
43ad3458-c7d6-4233-8e9a-1741154a3326,USD,R-000004,"#N/A",51.0,105.0,105.0,PerUnit,4.0,38b7ce85-6f20-4f82-984e-c9dcac4feda6,101.0
43c406a3-d568-46eb-a016-b3d3888e016f,USD,R-000003,"#N/A",21.0,120.0,120.0,PerUnit,3.0,2cb31a0a-1c4c-44bb-b5a3-bb605fdf4f9b,51.0
446e0259-69d2-48b4-8c7d-e071e22e4e16,USD,R-000001,"#N/A",1.0,150.0,150.0,PerUnit,1.0,02bc0ef8-39bf-4df9-bc71-d309a128593e,11.0
455c818c-633d-4ad8-a943-c1dbdd270109,USD,R-000001,"#N/A",1.0,150.0,150.0,PerUnit,1.0,921dae1b-34ac-4dfa-9017-2801bf0c3c97,11.0
46099747-e720-430a-965a-65b8ea6a2e06,USD,R-000012,"#N/A",301.0,10.0,10.0,PerUnit,4.0,9bd83ea1-7ea8-4488-9e07-8f69f804ffa6,"#N/A"
466cff92-94e8-498c-a902-fdcdb45a5dc2,USD,R-000001,"#N/A",1.0,150.0,150.0,PerUnit,1.0,3e3ad8e4-8e99-4482-8ee6-7b4756b68fa9,11.0
4681873c-a37d-4133-8856-54642ca4a182,USD,R-000002,"#N/A",11.0,135.0,135.0,PerUnit,2.0,cf4aa9f2-5ab5-42ba-a044-e32d28616463,21.0
474ac606-f7dd-4b65-9828-755a5761a702,USD,R-000001,"#N/A",1.0,150.0,150.0,PerUnit,1.0,38b7ce85-6f20-4f82-984e-c9dcac4feda6,11.0
47f0ef34-2cd0-4ef7-8f98-d8e4572e3337,USD,R-000003,"#N/A",21.0,120.0,120.0,PerUnit,3.0,b7b4b911-bd4b-4b8c-947b-00a77d3bd9e1,51.0
47f2645d-33b9-48e7-b1a4-c0de48893d7b,USD,R-000010,"#N/A",101.0,11.0,11.0,PerUnit,2.0,ccfb1475-5722-4920-be82-f793c8642284,201.0
482b0436-4741-4abb-92e7-3856d7cc83cc,USD,R-000005,"#N/A",101.0,100.0,100.0,PerUnit,5.0,0eaaeafe-c1b2-43c6-8b05-dabf781a0e54,"#N/A"
4869ac63-724f-4846-b6b3-c2f78637c7d0,USD,R-000003,"#N/A",21.0,120.0,120.0,PerUnit,3.0,7b4552d9-8656-4b78-875c-06786cf2442d,51.0
48965b23-6ce1-4592-b2b6-32790b34b28c,USD,R-000002,"#N/A",11.0,135.0,135.0,PerUnit,2.0,35bab2aa-748a-4455-b29b-61bf07274f02,21.0
48c592a3-832d-45a2-9ae8-269a6275a32d,USD,R-000005,"#N/A",101.0,100.0,100.0,PerUnit,5.0,c33ce5d0-a5d6-4e4b-b4a1-e8b73aeff41b,"#N/A"
4986357f-680a-4965-ba21-0e1e7292eb60,USD,R-000004,"#N/A",51.0,105.0,105.0,PerUnit,4.0,17d5fd48-4943-467b-9b7a-50e532b8959e,101.0
49b7a751-c0e7-44ac-b951-e16e1f12ffa9,USD,R-000005,"#N/A",101.0,100.0,100.0,PerUnit,5.0,ccf070b5-5cd8-4c47-ba6b-93c010d8f824,"#N/A"
49e6687a-0626-47a6-b29e-37e96ef6a942,USD,R-000005,"#N/A",101.0,100.0,100.0,PerUnit,5.0,2bc07062-6ac0-435c-94a7-38b53226b138,"#N/A"
4a222495-542a-4835-b329-7cd7130ec359,USD,R-000003,"#N/A",21.0,120.0,120.0,PerUnit,3.0,982a677e-fb83-4576-896e-df09a915e10c,51.0
4a6cd745-cefc-48db-b81e-e436d6b3bd82,USD,R-000002,"#N/A",11.0,135.0,135.0,PerUnit,2.0,0079349d-4736-4259-aef5-b44f675821e8,21.0
4afb0dc7-0841-442d-9aba-64e0cc8f8418,USD,R-000003,"#N/A",21.0,120.0,120.0,PerUnit,3.0,f1c4adf5-61cc-4b06-b060-e27b0a1d7685,51.0
4be19bea-d3ce-47c0-8b37-c3bbff732a90,USD,R-000003,"#N/A",21.0,120.0,120.0,PerUnit,3.0,49d1ed47-e60c-4033-b9d5-a7d833da4fe2,51.0
4c9f1b2a-7335-4058-972a-ed415bd84e8c,USD,R-000001,"#N/A",1.0,150.0,150.0,PerUnit,1.0,41c9b0ac-ece6-4ae2-af32-db04a72a42e6,11.0
4cab58f7-8f20-4ede-a09e-53f1019a81a5,USD,R-000004,"#N/A",51.0,105.0,105.0,PerUnit,4.0,921dae1b-34ac-4dfa-9017-2801bf0c3c97,101.0
4ceda201-376b-4dbd-bce6-cebbe4bd02a3,USD,R-000002,"#N/A",11.0,135.0,135.0,PerUnit,2.0,4e0cedbe-b4ac-4fc5-9ae8-4048af0f406a,21.0
4d5dae72-81da-4618-afd1-de98f98d84bf,USD,R-000005,"#N/A",101.0,100.0,100.0,PerUnit,5.0,49d1ed47-e60c-4033-b9d5-a7d833da4fe2,"#N/A"
4db1b91e-9a0d-465e-99d0-7e4e2e9a0fa8,USD,R-000002,"#N/A",11.0,135.0,135.0,PerUnit,2.0,5c808d71-7f4f-4fb8-8c2e-1431f0d21e87,21.0
4e9b32e4-0264-4782-b750-2d4f8fa02eae,USD,R-000005,"#N/A",101.0,100.0,100.0,PerUnit,5.0,037345e2-acc4-473d-85ff-69c35b91d18d,"#N/A"
4eb54016-6ed8-4da7-82be-92fda641ed13,USD,R-000002,"#N/A",11.0,135.0,135.0,PerUnit,2.0,5208cdc7-817c-4ebe-9a77-eb34ff756563,21.0
4f7d484e-e22f-417d-b301-659abb513394,USD,R-000001,"#N/A",1.0,150.0,150.0,PerUnit,1.0,d0726560-13e8-4bcf-acdb-8d536e4b0fdf,11.0
4fb0aa61-99cc-46c4-b9ed-45ec83284e9b,USD,R-000009,"#N/A",1.0,12.0,12.0,PerUnit,1.0,af048d41-1498-4b00-8762-c6c34a2a4fb2,101.0
50d1b292-2af0-42f0-be51-5ea03fd24cb1,USD,R-000002,"#N/A",11.0,135.0,135.0,PerUnit,2.0,7b2df618-166e-4bd0-afe1-1205cc089206,21.0
513d2a15-aca4-4f07-a42f-1b8807fe98b8,USD,R-000005,"#N/A",101.0,100.0,100.0,PerUnit,5.0,0afe9a22-3ad3-4973-8032-f0fdfdfc79d8,"#N/A"
51b55e81-b7d1-4345-86da-ebae3a9da84c,USD,R-000005,"#N/A",101.0,100.0,100.0,PerUnit,5.0,6d3b6755-aa41-479d-b401-188e1a608095,"#N/A"
51dc27bc-b760-40f0-b10a-537dae5f7732,USD,R-000002,"#N/A",11.0,135.0,135.0,PerUnit,2.0,3b16b851-b3d8-4d19-91b6-6ba7aeb870d6,21.0
520de235-e4ca-4e7d-82e4-6d9579318893,USD,R-000003,"#N/A",21.0,120.0,120.0,PerUnit,3.0,f1a2c208-e1ff-4e4b-a025-3004e044c205,51.0
5253cc2d-6fa5-4b28-95f2-39187859e1f2,USD,R-000003,"#N/A",21.0,120.0,120.0,PerUnit,3.0,d8137af1-193f-4d34-adb5-5d2a55b09639,51.0
5288a195-0ddc-4900-9722-ec3f4843774b,USD,R-000005,"#N/A",101.0,100.0,100.0,PerUnit,5.0,03e3ed72-e171-4ffb-8b78-5b64d106287a,"#N/A"
529db7fa-caa9-4df0-91f9-535a526c1ec6,USD,R-000002,"#N/A",11.0,135.0,135.0,PerUnit,2.0,fb0537c8-fd8f-4126-8eae-ceffe7e9a697,21.0
53006e68-aada-4dbe-b902-c1bd7fbb8d36,USD,R-000004,"#N/A",51.0,105.0,105.0,PerUnit,4.0,cf4aa9f2-5ab5-42ba-a044-e32d28616463,101.0
533876f4-8dab-47f0-bff8-5e7cf3d4072a,USD,R-000002,"#N/A",11.0,135.0,135.0,PerUnit,2.0,b7b4b911-bd4b-4b8c-947b-00a77d3bd9e1,21.0
533a8532-d139-4ff0-91f3-6eb45b760744,USD,R-000002,"#N/A",11.0,135.0,135.0,PerUnit,2.0,07dcd79d-bb68-4780-8900-424e3fb4433d,21.0
53e876b2-62f7-4a24-8a25-5a3fd4214933,USD,R-000003,"#N/A",21.0,120.0,120.0,PerUnit,3.0,0c53c71d-46bd-487d-aa7e-cca31ffc4486,51.0
5403abab-3e8c-4d88-b11d-503c81e89d35,USD,R-000001,"#N/A",1.0,150.0,150.0,PerUnit,1.0,9991add3-848b-4b34-8626-4863ed2fc315,11.0
5469a5f8-af72-45bf-9172-a5edfb8605ee,USD,R-000001,"#N/A",1.0,150.0,150.0,PerUnit,1.0,4b13c5de-af18-4a77-aa1a-2e172b993527,11.0
54c179b8-428e-4cd5-bfe6-b1204d139c63,USD,R-000001,"#N/A",1.0,150.0,150.0,PerUnit,1.0,0fa6ff87-cf0c-47cb-ad89-7e5e4c463359,11.0
551e7c10-1aa0-4389-a10f-47f80ec373e1,USD,R-000005,"#N/A",101.0,100.0,100.0,PerUnit,5.0,c2eebe44-feb1-4b30-9d03-c43f59af9e22,"#N/A"
55aa309b-40ef-41b5-8df7-c486e40a5c3f,USD,R-000001,"#N/A",1.0,150.0,150.0,PerUnit,1.0,0eaaeafe-c1b2-43c6-8b05-dabf781a0e54,11.0
56631bb4-0735-44d6-a60d-f4764bb3742b,USD,R-000004,"#N/A",51.0,105.0,105.0,PerUnit,4.0,e200d01b-3f79-4f7c-8a1a-817109327420,101.0
56d721ff-f971-4fda-b189-613dc288128f,USD,R-000001,"#N/A",1.0,150.0,150.0,PerUnit,1.0,b7b4b911-bd4b-4b8c-947b-00a77d3bd9e1,11.0
57a0ad3f-016e-4d44-945e-12cce338731f,USD,R-000002,"#N/A",11.0,135.0,135.0,PerUnit,2.0,83c38fc5-2a10-46ba-baa8-4e15c11af203,21.0
57b871e5-11ba-412a-bb3b-b123393b43e1,USD,R-000002,"#N/A",11.0,135.0,135.0,PerUnit,2.0,7b726e29-fb55-42e2-a814-1aa57eccc7d4,21.0
57cf4cfd-cc16-4996-b202-bee9454a7f68,USD,R-000002,"#N/A",11.0,135.0,135.0,PerUnit,2.0,a7aa7d9b-99b1-4e57-a7fa-42769ce30b26,21.0
5828ba0f-1181-4f43-b46b-92c6bcbdf0c2,USD,R-000004,"#N/A",51.0,105.0,105.0,PerUnit,4.0,61d0f8a1-454d-4894-8aff-bcc412e4a6aa,101.0
58d7930e-808e-4f6e-826b-7563be71b786,USD,R-000004,"#N/A",51.0,105.0,105.0,PerUnit,4.0,3b16b851-b3d8-4d19-91b6-6ba7aeb870d6,101.0
594cc4af-3f1b-4375-90c9-8d5d25aa1093,USD,R-000002,"#N/A",11.0,135.0,135.0,PerUnit,2.0,5f1e6325-9136-471f-8395-1e224f65bdc2,21.0
5a242509-2a5a-4d61-8f85-043357641800,USD,R-000002,"#N/A",11.0,135.0,135.0,PerUnit,2.0,17d5fd48-4943-467b-9b7a-50e532b8959e,21.0
5aaba189-b041-477f-9ea9-abcf948ae1b8,USD,R-000012,"#N/A",301.0,10.0,10.0,PerUnit,4.0,3972d6e6-a197-4957-9374-782f6dd0bd05,"#N/A"
5ac737e8-b781-4762-8149-573fa6023d39,USD,R-000004,"#N/A",51.0,105.0,105.0,PerUnit,4.0,7b726e29-fb55-42e2-a814-1aa57eccc7d4,101.0
5af7af8a-23b8-49ff-89ad-a64683300e84,USD,R-000002,"#N/A",11.0,135.0,135.0,PerUnit,2.0,5980940e-03eb-4320-b35a-c18df7c77763,21.0
5b6fd4d8-5009-446e-af65-703470e16c57,USD,R-000004,"#N/A",51.0,105.0,105.0,PerUnit,4.0,5c307514-69dd-44b2-811a-9493974f786c,101.0
5b7cfd2f-27f8-4778-9607-18e300d4441c,USD,R-000011,"#N/A",201.0,10.5,10.5,PerUnit,3.0,2362ac54-700c-45a0-902f-726b300ac7f9,301.0
5bb196bf-d6e2-4022-8760-e8cb97d1d924,USD,R-000012,"#N/A",301.0,10.0,10.0,PerUnit,4.0,d5291634-c456-4bfe-97bb-09d8d2128472,"#N/A"
5be0f03c-7b5a-4693-ae4b-f6880c53e31a,USD,R-000003,"#N/A",21.0,120.0,120.0,PerUnit,3.0,b89c615c-0ffc-40ee-ad63-e16eba524819,51.0
5c20456f-832c-47dc-bf7f-748e925eeb48,USD,R-000005,"#N/A",101.0,100.0,100.0,PerUnit,5.0,c97e3c83-13f6-456c-ac58-31ca96cb6e35,"#N/A"
5c3ce86d-3f24-4319-8439-e3ec7999ed88,USD,R-000005,"#N/A",101.0,100.0,100.0,PerUnit,5.0,f1a2c208-e1ff-4e4b-a025-3004e044c205,"#N/A"
5c73ef12-dad7-4ba5-a9ca-fd7702db17e5,USD,R-000004,"#N/A",51.0,105.0,105.0,PerUnit,4.0,c82f2d4e-90ce-441d-b6c6-0b51b92b3956,101.0
5c9af86b-021e-44a3-bb15-fc82035d6266,USD,R-000003,"#N/A",21.0,120.0,120.0,PerUnit,3.0,322898eb-b7ed-4647-b6f9-8328713aea4e,51.0
5c9eecde-2893-4a0c-a402-f2c0f4551b52,USD,R-000002,"#N/A",11.0,135.0,135.0,PerUnit,2.0,72eeaf7d-385e-459e-ba60-d67bab4064c8,21.0
5d055222-7a57-4db1-a94c-2a4e74987845,USD,R-000004,"#N/A",51.0,105.0,105.0,PerUnit,4.0,d0726560-13e8-4bcf-acdb-8d536e4b0fdf,101.0
5d0b6301-7407-47a7-a33f-7dbafd91951b,USD,R-000002,"#N/A",11.0,135.0,135.0,PerUnit,2.0,0eaaeafe-c1b2-43c6-8b05-dabf781a0e54,21.0
5d1387f9-ca38-4c3c-9d3a-bb24e0bccc85,USD,R-000001,"#N/A",1.0,150.0,150.0,PerUnit,1.0,77f279e2-da8c-473a-ad29-bb57a8728daf,11.0
5dcbd855-1006-4a53-93b6-f99f8da6d972,USD,R-000001,"#N/A",1.0,150.0,150.0,PerUnit,1.0,6753a080-f307-49ee-9d8f-50919d85307a,11.0
5e6a6424-a47a-455f-9225-b6279c21172f,USD,R-000003,"#N/A",21.0,120.0,120.0,PerUnit,3.0,037345e2-acc4-473d-85ff-69c35b91d18d,51.0
5ec4676b-5068-4acd-bfad-5d7a21bf766e,USD,R-000001,"#N/A",1.0,150.0,150.0,PerUnit,1.0,19fce6b2-fdae-4eda-b023-7fde27375967,11.0
5f1c75c6-ac07-4566-bcb8-c58012681446,USD,R-000009,"#N/A",1.0,12.0,12.0,PerUnit,1.0,2362ac54-700c-45a0-902f-726b300ac7f9,101.0
5f1e6802-06ae-41bd-b619-5e12eb50c8d3,USD,R-000010,"#N/A",101.0,11.0,11.0,PerUnit,2.0,2362ac54-700c-45a0-902f-726b300ac7f9,201.0
5f671971-5d24-4fea-a859-d081f43a6697,USD,R-000004,"#N/A",51.0,105.0,105.0,PerUnit,4.0,64394bf0-d52d-4ba4-a89f-e31662602157,101.0
5fa353cb-20d7-4294-9f62-be238b8dc598,USD,R-000004,"#N/A",51.0,105.0,105.0,PerUnit,4.0,30569110-f1e7-4f20-8e0f-5ef4afb05a14,101.0
60566d0e-7b53-489d-a8ae-2f5fac4e89d4,USD,R-000001,"#N/A",1.0,150.0,150.0,PerUnit,1.0,93c6b8c1-def1-48c3-95a9-4806e5971dbe,11.0
60e051b4-1305-46ea-8664-88532ea3db0d,USD,R-000008,"#N/A",3.0,50000.0,50000.0,FlatFee,2.0,8e598d10-f96d-48d8-90db-858ed411dd56,"#N/A"
60f93986-ac12-4b82-a091-495e7f0736cf,USD,R-000005,"#N/A",101.0,100.0,100.0,PerUnit,5.0,459afd51-330c-4b7a-83f2-6c885233f9c0,"#N/A"
613454d2-1e66-4078-85d1-f04712593994,USD,R-000005,"#N/A",101.0,100.0,100.0,PerUnit,5.0,d4009a0d-bb24-4a32-9f26-16a00d37678a,"#N/A"
61423093-eba3-4b59-8f4a-930a52f8c692,USD,R-000003,"#N/A",21.0,120.0,120.0,PerUnit,3.0,a52302d7-d71f-4aa0-97b2-ec571327ed6a,51.0
614f86fe-5b58-4328-84f1-3723e6bd4f7c,USD,R-000005,"#N/A",101.0,100.0,100.0,PerUnit,5.0,9991add3-848b-4b34-8626-4863ed2fc315,"#N/A"
6293f89c-a17b-4435-b648-0064935e3365,USD,R-000005,"#N/A",101.0,100.0,100.0,PerUnit,5.0,0d9982e2-e4c2-489e-892f-0c2f76d91cb5,"#N/A"
62b05f21-4565-4740-8735-8d71263d7a82,USD,R-000005,"#N/A",101.0,100.0,100.0,PerUnit,5.0,27a7f0c5-4c41-4d31-ad5b-28213e40427e,"#N/A"
63a73cb2-f1cb-4dbf-9d29-d801cf4709a3,USD,R-000002,"#N/A",11.0,135.0,135.0,PerUnit,2.0,0b93e705-7a2e-4744-ade6-14645805effc,21.0
63d10964-3bd4-48e3-9567-75638919fb73,USD,R-000001,"#N/A",1.0,150.0,150.0,PerUnit,1.0,3b16b851-b3d8-4d19-91b6-6ba7aeb870d6,11.0
6432c621-c222-46b9-922c-3359e746b4dd,USD,R-000002,"#N/A",11.0,135.0,135.0,PerUnit,2.0,d8137af1-193f-4d34-adb5-5d2a55b09639,21.0
644c933c-26ab-42d7-9df0-73d880bfdc76,USD,R-000005,"#N/A",101.0,100.0,100.0,PerUnit,5.0,61d0f8a1-454d-4894-8aff-bcc412e4a6aa,"#N/A"
64bfeea2-ed46-4ac8-a934-1e8d38c4b6e9,USD,R-000003,"#N/A",21.0,120.0,120.0,PerUnit,3.0,6bc1c28d-87ca-4e77-a03a-233b7f248530,51.0
64cde6b4-d39e-4a91-ab9a-a9066372518c,USD,R-000005,"#N/A",101.0,100.0,100.0,PerUnit,5.0,02bc0ef8-39bf-4df9-bc71-d309a128593e,"#N/A"
64f9d06d-4d5c-4b37-a5a5-baf68b89f7ff,USD,R-000001,"#N/A",1.0,150.0,150.0,PerUnit,1.0,2bc07062-6ac0-435c-94a7-38b53226b138,11.0
6538ca68-c1e1-4b19-a309-570c8252344a,USD,R-000004,"#N/A",51.0,105.0,105.0,PerUnit,4.0,ac160d59-9d28-4a46-97fb-e8cb9bb2904a,101.0
654a5059-e687-4bca-9f2c-9208c104348c,USD,R-000003,"#N/A",21.0,120.0,120.0,PerUnit,3.0,0d9982e2-e4c2-489e-892f-0c2f76d91cb5,51.0
66b6d8ae-eaf7-4300-8ddd-078d2d135119,USD,R-000005,"#N/A",101.0,100.0,100.0,PerUnit,5.0,b7b4b911-bd4b-4b8c-947b-00a77d3bd9e1,"#N/A"
66f4f643-1677-41c0-b8bb-bf994ffd2f10,USD,R-000004,"#N/A",51.0,105.0,105.0,PerUnit,4.0,120b2e5c-0cc1-40b0-829a-3bd7f075a54c,101.0
680fbace-65c8-4a58-a26a-2c4547f44067,USD,R-000001,"#N/A",1.0,150.0,150.0,PerUnit,1.0,b4d29663-c9b2-4828-b43f-1d1db9348e4c,11.0
68a53567-77c3-40d8-bbdc-c786f765c4ca,USD,R-000002,"#N/A",11.0,135.0,135.0,PerUnit,2.0,982a677e-fb83-4576-896e-df09a915e10c,21.0
68feed0b-d107-4109-ad17-1eb22a5d481b,USD,R-000004,"#N/A",51.0,105.0,105.0,PerUnit,4.0,8a5d2146-f8ac-47f1-afe7-4725d448d4ab,101.0
6941f972-65d7-4386-b499-3473ffec5ec5,USD,R-000003,"#N/A",21.0,120.0,120.0,PerUnit,3.0,acc6f6a0-89a0-4d5f-b7c0-a34e4b84c9fd,51.0
69577f60-773a-4667-b691-61fb2ac3eae5,USD,R-000001,"#N/A",1.0,150.0,150.0,PerUnit,1.0,03e3ed72-e171-4ffb-8b78-5b64d106287a,11.0
69c4ca49-b9ee-4447-96c2-4cb19e485c5e,USD,R-000001,"#N/A",1.0,150.0,150.0,PerUnit,1.0,d9f956e1-2543-4500-b19d-4f2e562376fc,11.0
6a13eda4-b7ad-4bcd-a0d1-11b7fdd75b9d,USD,R-000002,"#N/A",11.0,135.0,135.0,PerUnit,2.0,0d9982e2-e4c2-489e-892f-0c2f76d91cb5,21.0
6a7c44ac-5092-4312-915b-f91c10c430e0,USD,R-000003,"#N/A",21.0,120.0,120.0,PerUnit,3.0,93c6b8c1-def1-48c3-95a9-4806e5971dbe,51.0
6b188620-c561-459c-9c6f-6d77b688614a,USD,R-000004,"#N/A",51.0,105.0,105.0,PerUnit,4.0,d78c8ec1-2367-4525-a045-23f5eec7c170,101.0
6c3817f5-ea66-4fde-9d62-1a48d8215219,USD,R-000003,"#N/A",21.0,120.0,120.0,PerUnit,3.0,900ccfc8-92ac-496e-98cf-610d7c94eaf6,51.0
6cdc2768-7abd-4079-991b-899ffe4edc89,USD,R-000005,"#N/A",101.0,100.0,100.0,PerUnit,5.0,d78c8ec1-2367-4525-a045-23f5eec7c170,"#N/A"
6d39bb4b-e95c-4783-9a65-978d45e481e5,USD,R-000001,"#N/A",1.0,150.0,150.0,PerUnit,1.0,0d9982e2-e4c2-489e-892f-0c2f76d91cb5,11.0
6d44b839-c3f4-43a7-aeb4-9201f4394dc7,USD,R-000005,"#N/A",101.0,100.0,100.0,PerUnit,5.0,8447ae9c-80e1-459b-9d9b-5ff9bbd01217,"#N/A"
6df94c52-7f5f-4808-84ab-15d0094735a1,USD,R-000003,"#N/A",21.0,120.0,120.0,PerUnit,3.0,72eeaf7d-385e-459e-ba60-d67bab4064c8,51.0
6e2debe7-df5e-4e32-8888-f6447aebbc4c,USD,R-000004,"#N/A",51.0,105.0,105.0,PerUnit,4.0,0321d1b4-b39d-4e3c-80da-3ebc072ed855,101.0
6e72556f-ef8d-43fc-97be-13e6ad120b88,USD,R-000003,"#N/A",21.0,120.0,120.0,PerUnit,3.0,b48224b6-5fdb-4614-a0ba-ad78bdc4c015,51.0
6e85c50a-c2bb-4895-bf36-881865fb50f9,USD,R-000006,"#N/A",0.0,45000.0,45000.0,PerUnit,1.0,2fceacc3-eb9f-478e-812e-fc02484fe426,3.0
6ed8b050-a218-4f0d-8865-cb967d7444f4,USD,R-000004,"#N/A",51.0,105.0,105.0,PerUnit,4.0,2bc07062-6ac0-435c-94a7-38b53226b138,101.0
6f9eee88-95be-4eca-b0e8-ac6ff3ef5eb9,USD,R-000010,"#N/A",101.0,11.0,11.0,PerUnit,2.0,d5291634-c456-4bfe-97bb-09d8d2128472,201.0
7007db45-8ff3-4076-a2c2-9b15b6ff21af,USD,R-000001,"#N/A",1.0,150.0,150.0,PerUnit,1.0,7aa39d68-23ca-4e99-8c75-6e977f03d5f1,11.0
709cda7c-69a5-4879-838c-783d6ee57e0d,USD,R-000003,"#N/A",21.0,120.0,120.0,PerUnit,3.0,921dae1b-34ac-4dfa-9017-2801bf0c3c97,51.0
70ea0c42-091a-4afd-931b-57c60e55b1c3,USD,R-000003,"#N/A",21.0,120.0,120.0,PerUnit,3.0,35bab2aa-748a-4455-b29b-61bf07274f02,51.0
717dfe5a-d159-4288-aa19-aeae3a5f9fec,USD,R-000004,"#N/A",51.0,105.0,105.0,PerUnit,4.0,20060e98-dc64-4cb2-a2fb-a115524e42b0,101.0
718f4730-bfc3-4ea1-aacf-a6ff99cfc983,USD,R-000001,"#N/A",1.0,150.0,150.0,PerUnit,1.0,6d3b6755-aa41-479d-b401-188e1a608095,11.0
735a1c1f-1015-4dff-b8bd-9237608a80a2,USD,R-000004,"#N/A",51.0,105.0,105.0,PerUnit,4.0,8da313c6-b16d-4b36-901c-8bac7d6f6fc3,101.0
7394334c-3c73-4184-888d-ef772c42299b,USD,R-000005,"#N/A",101.0,100.0,100.0,PerUnit,5.0,322898eb-b7ed-4647-b6f9-8328713aea4e,"#N/A"
73e79c84-5704-4ee9-81c2-01d5fb779f54,USD,R-000003,"#N/A",21.0,120.0,120.0,PerUnit,3.0,d9f956e1-2543-4500-b19d-4f2e562376fc,51.0
73fb23a8-7ad9-4407-b26b-09c3b8f1ae71,USD,R-000002,"#N/A",11.0,135.0,135.0,PerUnit,2.0,e200d01b-3f79-4f7c-8a1a-817109327420,21.0
73fdd20e-5105-4c05-b040-22f2297c9968,USD,R-000005,"#N/A",101.0,100.0,100.0,PerUnit,5.0,416a154f-e973-483a-b572-8490a4ffb9bf,"#N/A"
7464725a-e4de-491b-b75b-f2128b08df67,USD,R-000003,"#N/A",21.0,120.0,120.0,PerUnit,3.0,08e80051-4e16-44b9-a72f-ad3a3b32187f,51.0
748ce353-ea87-4b81-b47c-a5da417b099a,USD,R-000002,"#N/A",11.0,135.0,135.0,PerUnit,2.0,2cb31a0a-1c4c-44bb-b5a3-bb605fdf4f9b,21.0
74a55513-c0bc-423c-b35a-66eaea99c1a2,USD,R-000004,"#N/A",51.0,105.0,105.0,PerUnit,4.0,13b7791b-7ea6-466e-afdd-7ea1e554c1f4,101.0
74dd124f-594a-4ac0-8ca4-e6ed549b05f4,USD,R-000004,"#N/A",51.0,105.0,105.0,PerUnit,4.0,396c6d87-508e-476b-bc0c-bb0663949893,101.0
7517ab5e-a1cf-4c9d-bbb7-4fb9be4a7d22,USD,R-000009,"#N/A",1.0,12.0,12.0,PerUnit,1.0,a451f088-1777-49dd-9e67-bcc6feea5d0a,101.0
75b15906-1473-4800-8f04-032767e3aa6e,USD,R-000004,"#N/A",51.0,105.0,105.0,PerUnit,4.0,6dc3c1a6-f0d5-4a1f-a910-70b042e2865d,101.0
77621777-0cda-4129-8dfe-63f90bc7394c,USD,R-000001,"#N/A",1.0,150.0,150.0,PerUnit,1.0,0feb1b8e-0bf7-4dad-9cf2-fb3b26a0f23c,11.0
77b1a1b7-4085-4a56-b4b0-2a52ff5351dc,USD,R-000012,"#N/A",301.0,10.0,10.0,PerUnit,4.0,6ef14aff-a79a-470c-9a57-0e357499a611,"#N/A"
77eacb13-637f-401d-a030-fdcafe984a94,USD,R-000001,"#N/A",1.0,150.0,150.0,PerUnit,1.0,982a677e-fb83-4576-896e-df09a915e10c,11.0
783a58b1-6f3b-4323-b259-a32f050747eb,USD,R-000011,"#N/A",201.0,10.5,10.5,PerUnit,3.0,ccfb1475-5722-4920-be82-f793c8642284,301.0
7928f6f3-751b-4c67-b94a-3fe9188d8bdc,USD,R-000002,"#N/A",11.0,135.0,135.0,PerUnit,2.0,900ccfc8-92ac-496e-98cf-610d7c94eaf6,21.0
79d4df4b-6e9d-4a37-9adf-882e5d92b801,USD,R-000004,"#N/A",51.0,105.0,105.0,PerUnit,4.0,7675e4ef-6532-43dc-8a43-810c9747c3b2,101.0
7a3958a7-1b67-4660-9549-cccc2b9e5fe5,USD,R-000008,"#N/A",3.0,50000.0,50000.0,FlatFee,2.0,3e6780d6-fe0a-4d76-b9cf-b45cd7ee0c67,"#N/A"
7ac173db-52fe-47f9-8798-4413c8bf263f,USD,R-000003,"#N/A",21.0,120.0,120.0,PerUnit,3.0,41c9b0ac-ece6-4ae2-af32-db04a72a42e6,51.0
7acc70cb-481c-414e-8d64-87d05cfedbb3,USD,R-000003,"#N/A",21.0,120.0,120.0,PerUnit,3.0,b975938e-bd4b-49f1-a4f1-2dd05935e58a,51.0
7b44214c-cbcc-41d5-a72e-a59fbbbbd684,USD,R-000001,"#N/A",1.0,150.0,150.0,PerUnit,1.0,9dde195b-537f-4c58-874d-79175975670d,11.0
7b6afaf2-f0c5-4943-b77d-cad53e51ab43,USD,R-000005,"#N/A",101.0,100.0,100.0,PerUnit,5.0,d11d0f60-d4bd-4779-8f25-095249668399,"#N/A"
7beb5100-ebaf-49f9-ac07-f3194cb86461,USD,R-000004,"#N/A",51.0,105.0,105.0,PerUnit,4.0,dc8217ee-e030-4ab4-96aa-b19c59bf52f4,101.0
7c1a16c3-6b7c-444f-8e35-561aced0a5eb,USD,R-000002,"#N/A",11.0,135.0,135.0,PerUnit,2.0,03e3ed72-e171-4ffb-8b78-5b64d106287a,21.0
7c2da720-dbfb-486c-bb44-5f1b9e82b98d,USD,R-000001,"#N/A",1.0,150.0,150.0,PerUnit,1.0,c33ce5d0-a5d6-4e4b-b4a1-e8b73aeff41b,11.0
7c52646a-7484-4668-b60b-aa309c6f07f1,USD,R-000004,"#N/A",51.0,105.0,105.0,PerUnit,4.0,0feb1b8e-0bf7-4dad-9cf2-fb3b26a0f23c,101.0
7c7d619a-48f8-44b2-9caa-28a93ca13174,USD,R-000004,"#N/A",51.0,105.0,105.0,PerUnit,4.0,4e0cedbe-b4ac-4fc5-9ae8-4048af0f406a,101.0
7c8c947a-f3a8-4a48-a61e-4ff211d7d55b,USD,R-000003,"#N/A",21.0,120.0,120.0,PerUnit,3.0,876a2ef4-3f13-4218-b163-e3cba5aadd3e,51.0
7ce376bc-7d30-4899-9572-a711d5f7d26f,USD,R-000005,"#N/A",101.0,100.0,100.0,PerUnit,5.0,a52302d7-d71f-4aa0-97b2-ec571327ed6a,"#N/A"
7dc3f0cb-6a08-4278-b7ce-a9859755a5a5,USD,R-000002,"#N/A",11.0,135.0,135.0,PerUnit,2.0,0321d1b4-b39d-4e3c-80da-3ebc072ed855,21.0
7dd6ffe9-5081-4e29-918c-4ae54cb735e9,USD,R-000011,"#N/A",201.0,10.5,10.5,PerUnit,3.0,d5291634-c456-4bfe-97bb-09d8d2128472,301.0
7de78936-02f9-4f65-a2cc-7c43eba70e11,USD,R-000004,"#N/A",51.0,105.0,105.0,PerUnit,4.0,fccf410c-43b0-400d-a824-d7f544ddd5a8,101.0
7e51e611-5824-4056-8220-3d18d4abe450,USD,R-000005,"#N/A",101.0,100.0,100.0,PerUnit,5.0,95f9e68a-3682-4b12-b003-49db3198f627,"#N/A"
7e816df7-4d0f-4e92-a2d9-ed0f63cc1938,USD,R-000002,"#N/A",11.0,135.0,135.0,PerUnit,2.0,31aba6d1-068a-4596-9fd7-d625202b749a,21.0
7e8ef911-5493-42d0-9777-605a8f17a923,USD,R-000002,"#N/A",11.0,135.0,135.0,PerUnit,2.0,037345e2-acc4-473d-85ff-69c35b91d18d,21.0
7ec345cc-4366-4416-9402-4a636eccd11a,USD,R-000001,"#N/A",1.0,150.0,150.0,PerUnit,1.0,5980940e-03eb-4320-b35a-c18df7c77763,11.0
7f05a367-7cf6-4185-9952-d145eed45daa,USD,R-000004,"#N/A",51.0,105.0,105.0,PerUnit,4.0,b4d29663-c9b2-4828-b43f-1d1db9348e4c,101.0
7f63c4f8-88bb-4056-bb3b-0b5283092422,USD,R-000005,"#N/A",101.0,100.0,100.0,PerUnit,5.0,07dcd79d-bb68-4780-8900-424e3fb4433d,"#N/A"
7fb34b0c-cbd8-4c53-85a8-956ac81f3cb8,USD,R-000003,"#N/A",21.0,120.0,120.0,PerUnit,3.0,3fb8f3a6-7dc6-4295-b9ec-d02fe755a37e,51.0
7fffbc10-4e9c-4c1c-b6cf-d63b18178f69,USD,R-000002,"#N/A",11.0,135.0,135.0,PerUnit,2.0,f0dd2e48-a4d0-40cf-8179-11cd8a090239,21.0
8091be10-6a3c-40d3-8947-fa59c3df59db,USD,R-000003,"#N/A",21.0,120.0,120.0,PerUnit,3.0,02bc0ef8-39bf-4df9-bc71-d309a128593e,51.0
8111c919-1092-4aaf-9b23-181e84bdec0d,USD,R-000004,"#N/A",51.0,105.0,105.0,PerUnit,4.0,6337453e-b096-4211-b82d-921e2131c1b7,101.0
81425d4a-8217-4f49-8a86-6a2f3395ee08,USD,R-000003,"#N/A",21.0,120.0,120.0,PerUnit,3.0,8447ae9c-80e1-459b-9d9b-5ff9bbd01217,51.0
814a0b4a-4fe0-4171-856e-3f1614e6fb50,USD,R-000003,"#N/A",21.0,120.0,120.0,PerUnit,3.0,d0726560-13e8-4bcf-acdb-8d536e4b0fdf,51.0
81645190-f4b8-4f94-8902-4799b25b1372,USD,R-000010,"#N/A",101.0,11.0,11.0,PerUnit,2.0,89f54977-a3f3-45c4-a7ee-b095c0ea3a1a,201.0
816e5701-193a-4589-aa87-d2ee0b950a89,USD,R-000002,"#N/A",11.0,135.0,135.0,PerUnit,2.0,c33ce5d0-a5d6-4e4b-b4a1-e8b73aeff41b,21.0
8187f770-62d5-424c-b753-404590553190,USD,R-000001,"#N/A",1.0,150.0,150.0,PerUnit,1.0,95f9e68a-3682-4b12-b003-49db3198f627,11.0
818cad59-a340-413b-b9de-9bd337b27d37,USD,R-000003,"#N/A",21.0,120.0,120.0,PerUnit,3.0,0feb1b8e-0bf7-4dad-9cf2-fb3b26a0f23c,51.0
818fc30c-3e33-4f86-8fe6-66be7c1b8502,USD,R-000006,"#N/A",0.0,45000.0,45000.0,PerUnit,1.0,4ed743d0-a0fc-4621-b02c-278d405caeac,3.0
819a56be-a0e0-4937-83f3-9311ebd3fa0f,USD,R-000008,"#N/A",3.0,50000.0,50000.0,FlatFee,2.0,43544fdc-9cac-416c-8a6e-b8280f8c416c,"#N/A"
81c8569e-b2b8-499f-9b63-661ec84cb9c2,USD,R-000004,"#N/A",51.0,105.0,105.0,PerUnit,4.0,3b65e52c-59d4-449b-a4d1-ab3c02da3eef,101.0
828f9f64-db91-464e-8247-14a0d409e34d,USD,R-000011,"#N/A",201.0,10.5,10.5,PerUnit,3.0,3972d6e6-a197-4957-9374-782f6dd0bd05,301.0
8318d61e-1791-46a6-a81f-3ab00275b077,USD,R-000005,"#N/A",101.0,100.0,100.0,PerUnit,5.0,4565c239-e89d-4acd-936d-541eabac5a98,"#N/A"
83308684-0e0d-418e-b562-97fdb61d4d2d,USD,R-000004,"#N/A",51.0,105.0,105.0,PerUnit,4.0,41c9b0ac-ece6-4ae2-af32-db04a72a42e6,101.0
836629a1-7f54-4783-8d48-6a3277fe12f1,USD,R-000002,"#N/A",11.0,135.0,135.0,PerUnit,2.0,5106b98a-0849-4fab-b0b5-c665a2c0b48e,21.0
83bbc030-c90b-4cc9-94f5-ec236bc23945,USD,R-000003,"#N/A",21.0,120.0,120.0,PerUnit,3.0,dc8217ee-e030-4ab4-96aa-b19c59bf52f4,51.0
83f64c14-74d9-4bb9-ac4a-3452814df1c6,USD,R-000010,"#N/A",101.0,11.0,11.0,PerUnit,2.0,387e5ccd-d33c-4996-b112-c18249ed01cb,201.0
84177491-87ad-478f-ac72-2c32545711d1,USD,R-000003,"#N/A",21.0,120.0,120.0,PerUnit,3.0,03e3ed72-e171-4ffb-8b78-5b64d106287a,51.0
84daed7a-cd60-431b-a1a6-11a2f9cec61c,USD,R-000011,"#N/A",201.0,10.5,10.5,PerUnit,3.0,387e5ccd-d33c-4996-b112-c18249ed01cb,301.0
8516d4c1-feee-4c32-8953-524ef2059a70,USD,R-000003,"#N/A",21.0,120.0,120.0,PerUnit,3.0,4e0cedbe-b4ac-4fc5-9ae8-4048af0f406a,51.0
8527ad44-5f9e-4cfd-9ed5-620d85eb3e6a,USD,R-000002,"#N/A",11.0,135.0,135.0,PerUnit,2.0,7aa39d68-23ca-4e99-8c75-6e977f03d5f1,21.0
854eadf6-6e80-4d9c-af20-a6311306182c,USD,R-000004,"#N/A",51.0,105.0,105.0,PerUnit,4.0,f1c4adf5-61cc-4b06-b060-e27b0a1d7685,101.0
85ac4ab1-405f-4dd7-9d00-7fbab8ca700d,USD,R-000001,"#N/A",1.0,150.0,150.0,PerUnit,1.0,41b68e8a-988d-46ec-999f-0d2347fc2677,11.0
8621406a-7a91-46ec-bc42-5ab6acfac7c0,USD,R-000001,"#N/A",1.0,150.0,150.0,PerUnit,1.0,f1a2c208-e1ff-4e4b-a025-3004e044c205,11.0
86355ed7-7d89-4a4d-89c7-64ad666fb9ab,USD,R-000005,"#N/A",101.0,100.0,100.0,PerUnit,5.0,3e3ad8e4-8e99-4482-8ee6-7b4756b68fa9,"#N/A"
86e0cabe-507a-411d-a803-01e10df8368f,USD,R-000003,"#N/A",21.0,120.0,120.0,PerUnit,3.0,c0893780-e32d-422a-b8ff-3b38738437b2,51.0
870d2ff9-3962-46e6-bdc8-029c3b9eabc2,USD,R-000004,"#N/A",51.0,105.0,105.0,PerUnit,4.0,ef540412-48a4-44f6-b1ed-ab6a4d7f15c2,101.0
87415638-b226-4887-9067-fff0d4936e58,USD,R-000004,"#N/A",51.0,105.0,105.0,PerUnit,4.0,d11d0f60-d4bd-4779-8f25-095249668399,101.0
87967149-a934-4633-9382-a031de11abb2,USD,R-000011,"#N/A",201.0,10.5,10.5,PerUnit,3.0,af048d41-1498-4b00-8762-c6c34a2a4fb2,301.0
87d5bbec-2007-45e8-9803-c660207b29d9,USD,R-000003,"#N/A",21.0,120.0,120.0,PerUnit,3.0,ac160d59-9d28-4a46-97fb-e8cb9bb2904a,51.0
87f351b3-d8b0-4fd0-9128-67c5e8f1128c,USD,R-000005,"#N/A",101.0,100.0,100.0,PerUnit,5.0,08e80051-4e16-44b9-a72f-ad3a3b32187f,"#N/A"
884e3ed9-42c6-4501-b43a-476a1d215077,USD,R-000002,"#N/A",11.0,135.0,135.0,PerUnit,2.0,07434b4c-7fc3-46bb-888c-3771c4eac222,21.0
89085cf2-7594-422c-b445-05d06178757a,USD,R-000012,"#N/A",301.0,10.0,10.0,PerUnit,4.0,ccfb1475-5722-4920-be82-f793c8642284,"#N/A"
89ea3728-ee5a-4c5f-8657-e0c155addeb8,USD,R-000004,"#N/A",51.0,105.0,105.0,PerUnit,4.0,9991add3-848b-4b34-8626-4863ed2fc315,101.0
89f699e2-ab10-44bc-a584-7fbb4eca7d4a,USD,R-000004,"#N/A",51.0,105.0,105.0,PerUnit,4.0,07434b4c-7fc3-46bb-888c-3771c4eac222,101.0
8a579f47-1ac6-4998-9585-47293a956a71,USD,R-000003,"#N/A",21.0,120.0,120.0,PerUnit,3.0,6dc3c1a6-f0d5-4a1f-a910-70b042e2865d,51.0
8a6c3ab7-2632-4ad8-ab71-d3322a50a172,USD,R-000001,"#N/A",1.0,150.0,150.0,PerUnit,1.0,866e2d2f-65ee-4df1-b4b9-ae701e18a97e,11.0
8aa27371-1603-43cb-95ad-5d1d1e90d32f,USD,R-000002,"#N/A",11.0,135.0,135.0,PerUnit,2.0,42acedf4-0fc0-4aa8-be52-a3f2a5b53d6b,21.0
8ae0ffa4-858f-459e-b5bb-9b3b1dba1d0e,USD,R-000005,"#N/A",101.0,100.0,100.0,PerUnit,5.0,982a677e-fb83-4576-896e-df09a915e10c,"#N/A"
8b43f48a-a98a-42b9-b52a-be4be0e1cc58,USD,R-000005,"#N/A",101.0,100.0,100.0,PerUnit,5.0,6753a080-f307-49ee-9d8f-50919d85307a,"#N/A"
8bfdcdb3-301b-43fc-89a8-71d7b0cb21ea,USD,R-000006,"#N/A",0.0,45000.0,45000.0,PerUnit,1.0,c500a748-63d0-463d-a3ea-159bbb31a854,3.0
8c2d1939-809a-47cc-8139-7209eca9d7ef,USD,R-000003,"#N/A",21.0,120.0,120.0,PerUnit,3.0,8da313c6-b16d-4b36-901c-8bac7d6f6fc3,51.0
8cb407ff-bd96-4f89-9617-8838aedd1964,USD,R-000002,"#N/A",11.0,135.0,135.0,PerUnit,2.0,41b68e8a-988d-46ec-999f-0d2347fc2677,21.0
8d21cd91-8b49-4e51-9b2d-baf441712d8a,USD,R-000004,"#N/A",51.0,105.0,105.0,PerUnit,4.0,0c53c71d-46bd-487d-aa7e-cca31ffc4486,101.0
8d220daf-d970-46c7-9c7a-f2d4883aa0c4,USD,R-000002,"#N/A",11.0,135.0,135.0,PerUnit,2.0,ca396e6b-2dc7-4e0f-be98-2b95b91196d5,21.0
8d833f19-0724-4bde-83c6-deca1ceb7401,USD,R-000005,"#N/A",101.0,100.0,100.0,PerUnit,5.0,a9ee115c-e5de-445f-8fe3-9fd3e3063d69,"#N/A"
8d8d8e41-c60c-484a-a692-f4fffb8b93bf,USD,R-000001,"#N/A",1.0,150.0,150.0,PerUnit,1.0,80a9d74e-3e8f-43c4-85ca-db08b5731426,11.0
8dbbd445-9bd4-4080-84fb-53cb32070be9,USD,R-000001,"#N/A",1.0,150.0,150.0,PerUnit,1.0,81530b65-1f71-496b-ba25-0edd0f302285,11.0
8dea3ca0-32e8-4abd-8adc-48a7c4741352,USD,R-000002,"#N/A",11.0,135.0,135.0,PerUnit,2.0,49d1ed47-e60c-4033-b9d5-a7d833da4fe2,21.0
8e29c219-bb53-451f-b02c-bb37e392e630,USD,R-000001,"#N/A",1.0,150.0,150.0,PerUnit,1.0,f1c4adf5-61cc-4b06-b060-e27b0a1d7685,11.0
8e49c783-ef13-4a44-a600-1a92f6baee0a,USD,R-000003,"#N/A",21.0,120.0,120.0,PerUnit,3.0,0321d1b4-b39d-4e3c-80da-3ebc072ed855,51.0
8e8c1357-4136-4dc4-9c8f-dba70734f029,USD,R-000001,"#N/A",1.0,150.0,150.0,PerUnit,1.0,d8137af1-193f-4d34-adb5-5d2a55b09639,11.0
8ef2d973-e2ff-4590-b2ad-8abc615f1190,USD,R-000002,"#N/A",11.0,135.0,135.0,PerUnit,2.0,876a2ef4-3f13-4218-b163-e3cba5aadd3e,21.0
8f24661b-ed0d-4818-a6b0-7d84a00497fd,USD,R-000002,"#N/A",11.0,135.0,135.0,PerUnit,2.0,b4d29663-c9b2-4828-b43f-1d1db9348e4c,21.0
8f25e212-1e83-44ff-b85d-23e3ad6d346f,USD,R-000008,"#N/A",3.0,50000.0,50000.0,FlatFee,2.0,c500a748-63d0-463d-a3ea-159bbb31a854,"#N/A"
8fb113fd-bac0-4961-99d4-4c0df25dc9ef,USD,R-000002,"#N/A",11.0,135.0,135.0,PerUnit,2.0,9991add3-848b-4b34-8626-4863ed2fc315,21.0
8fb751eb-4b05-4281-8d4b-212417abf8e9,USD,R-000004,"#N/A",51.0,105.0,105.0,PerUnit,4.0,41b68e8a-988d-46ec-999f-0d2347fc2677,101.0
8fbe0f4f-28b6-4739-a268-ab41767849a5,USD,R-000004,"#N/A",51.0,105.0,105.0,PerUnit,4.0,bfe0d88c-2821-4c71-a214-0bada9df486f,101.0
8ffe1311-33ce-4363-86ca-a74dcf0518e5,USD,R-000001,"#N/A",1.0,150.0,150.0,PerUnit,1.0,c859b2bd-089f-46dc-b1fc-6ce555d6676d,11.0
900ed120-4340-4c67-842b-3b723d4b48ca,USD,R-000002,"#N/A",11.0,135.0,135.0,PerUnit,2.0,77b45590-50f5-4cef-85a2-dd4eb13860c9,21.0
90f35768-789e-4103-8730-3a03526a15d2,USD,R-000002,"#N/A",11.0,135.0,135.0,PerUnit,2.0,dc8217ee-e030-4ab4-96aa-b19c59bf52f4,21.0
92489251-5dff-445f-9e02-002acb659ae3,USD,R-000006,"#N/A",0.0,45000.0,45000.0,PerUnit,1.0,43544fdc-9cac-416c-8a6e-b8280f8c416c,3.0
9266c114-5a24-4966-ab89-c8a8bacf9060,USD,R-000003,"#N/A",21.0,120.0,120.0,PerUnit,3.0,31aba6d1-068a-4596-9fd7-d625202b749a,51.0
933397c2-a952-45ba-9fb1-03f318e3b29f,USD,R-000005,"#N/A",101.0,100.0,100.0,PerUnit,5.0,2b16fe3c-e18e-4c14-8a48-dfee7dab04df,"#N/A"
940e6f6a-3a89-490c-ac0d-fd638db5ee21,USD,R-000001,"#N/A",1.0,150.0,150.0,PerUnit,1.0,ca396e6b-2dc7-4e0f-be98-2b95b91196d5,11.0
9439e92d-a7f6-4a8e-a001-7dc20d4a926a,USD,R-000010,"#N/A",101.0,11.0,11.0,PerUnit,2.0,6a86c180-86ca-436b-bc2e-357dc7d4ba45,201.0
945874b4-f361-4255-bcab-4ff2038e6d53,USD,R-000004,"#N/A",51.0,105.0,105.0,PerUnit,4.0,07dcd79d-bb68-4780-8900-424e3fb4433d,101.0
94719042-458e-4b9e-9f92-f2c13e0b15c1,USD,R-000001,"#N/A",1.0,150.0,150.0,PerUnit,1.0,2b16fe3c-e18e-4c14-8a48-dfee7dab04df,11.0
956a9679-36c0-4acf-a208-4e2e9aacc483,USD,R-000001,"#N/A",1.0,150.0,150.0,PerUnit,1.0,269c6521-0eab-4cd9-abc9-41b8c3f84534,11.0
958ec263-2254-4a2c-8117-f607c683bb4a,USD,R-000001,"#N/A",1.0,150.0,150.0,PerUnit,1.0,322898eb-b7ed-4647-b6f9-8328713aea4e,11.0
964a041a-6cb1-47fc-b0fe-d6e2f3fb1c63,USD,R-000003,"#N/A",21.0,120.0,120.0,PerUnit,3.0,4eaf2b57-95e6-41e4-aada-14b319df0005,51.0
964fb011-4c80-4d96-8839-caca23617d96,USD,R-000002,"#N/A",11.0,135.0,135.0,PerUnit,2.0,2fdbed93-64e6-404f-b0ff-65fdfe79dc8e,21.0
965a7b51-614f-4aa8-b49a-e5ddd5a24ea5,USD,R-000005,"#N/A",101.0,100.0,100.0,PerUnit,5.0,1ddeb1d9-4403-4b47-8913-56b52259bb0a,"#N/A"
965e0bd6-3563-4b2a-83c0-4cd68125e29a,USD,R-000004,"#N/A",51.0,105.0,105.0,PerUnit,4.0,b89c615c-0ffc-40ee-ad63-e16eba524819,101.0
96ad3489-396a-44df-8671-f714cf5a0394,USD,R-000001,"#N/A",1.0,150.0,150.0,PerUnit,1.0,5208cdc7-817c-4ebe-9a77-eb34ff756563,11.0
975786d7-aec3-47e9-957f-84852de1a2ae,USD,R-000003,"#N/A",21.0,120.0,120.0,PerUnit,3.0,269c6521-0eab-4cd9-abc9-41b8c3f84534,51.0
9770846b-4af8-4edd-91e8-2f9112702447,USD,R-000004,"#N/A",51.0,105.0,105.0,PerUnit,4.0,d8137af1-193f-4d34-adb5-5d2a55b09639,101.0
9863ee76-b1fa-4f44-8416-4ff9ad06011c,USD,R-000005,"#N/A",101.0,100.0,100.0,PerUnit,5.0,81530b65-1f71-496b-ba25-0edd0f302285,"#N/A"
987f7717-beaf-4216-b125-2dd936588373,USD,R-000004,"#N/A",51.0,105.0,105.0,PerUnit,4.0,2b16fe3c-e18e-4c14-8a48-dfee7dab04df,101.0
98902acd-952e-470b-9e9e-299aca33eae6,USD,R-000004,"#N/A",51.0,105.0,105.0,PerUnit,4.0,80a9d74e-3e8f-43c4-85ca-db08b5731426,101.0
98f95c7e-721f-4f99-8d86-e7581bc18daf,USD,R-000004,"#N/A",51.0,105.0,105.0,PerUnit,4.0,900ccfc8-92ac-496e-98cf-610d7c94eaf6,101.0
992be268-0193-444d-962e-0c5e63dd370b,USD,R-000003,"#N/A",21.0,120.0,120.0,PerUnit,3.0,5106b98a-0849-4fab-b0b5-c665a2c0b48e,51.0
999a5202-c7c0-4bd6-ab07-d5496b8099b5,USD,R-000003,"#N/A",21.0,120.0,120.0,PerUnit,3.0,77f279e2-da8c-473a-ad29-bb57a8728daf,51.0
99fabfe6-697c-4e6b-af8a-9722fce5fe52,USD,R-000012,"#N/A",301.0,10.0,10.0,PerUnit,4.0,2362ac54-700c-45a0-902f-726b300ac7f9,"#N/A"
9a035295-6e6c-4112-9510-40a0caf21e99,USD,R-000003,"#N/A",21.0,120.0,120.0,PerUnit,3.0,20060e98-dc64-4cb2-a2fb-a115524e42b0,51.0
9a2f2822-0f4d-4933-b1aa-e0017bb8bcaa,USD,R-000003,"#N/A",21.0,120.0,120.0,PerUnit,3.0,4b13c5de-af18-4a77-aa1a-2e172b993527,51.0
9af3889a-369d-4005-8934-6441a0dfb818,USD,R-000003,"#N/A",21.0,120.0,120.0,PerUnit,3.0,0079349d-4736-4259-aef5-b44f675821e8,51.0
9b4dfe46-bd9d-413c-acca-bd546de25336,USD,R-000003,"#N/A",21.0,120.0,120.0,PerUnit,3.0,d11d0f60-d4bd-4779-8f25-095249668399,51.0
9bb3778b-2e11-4a92-a346-f944b0224af2,USD,R-000004,"#N/A",51.0,105.0,105.0,PerUnit,4.0,d4009a0d-bb24-4a32-9f26-16a00d37678a,101.0
9c1164c9-7c8f-4759-bcb3-5f7a2ae74911,USD,R-000003,"#N/A",21.0,120.0,120.0,PerUnit,3.0,a7aa7d9b-99b1-4e57-a7fa-42769ce30b26,51.0
9c2dae93-5c37-41f8-880a-ecfc33bc9f1a,USD,R-000001,"#N/A",1.0,150.0,150.0,PerUnit,1.0,6bc1c28d-87ca-4e77-a03a-233b7f248530,11.0
9c63eab4-3fed-4cb9-9d26-a2101ed5be5b,USD,R-000005,"#N/A",101.0,100.0,100.0,PerUnit,5.0,57d6411d-560a-4cb0-b225-a64a26f92276,"#N/A"
9c6534d1-7044-4505-8154-7693eb8fcc51,USD,R-000001,"#N/A",1.0,150.0,150.0,PerUnit,1.0,6dc3c1a6-f0d5-4a1f-a910-70b042e2865d,11.0
9d54696e-bf9b-495e-b95c-4c0655ef0111,USD,R-000004,"#N/A",51.0,105.0,105.0,PerUnit,4.0,5980940e-03eb-4320-b35a-c18df7c77763,101.0
9d5b3ef3-73c6-458c-8c1e-658693765467,USD,R-000002,"#N/A",11.0,135.0,135.0,PerUnit,2.0,9dde195b-537f-4c58-874d-79175975670d,21.0
9da8e645-7513-47d0-afea-181a897e6ad2,USD,R-000004,"#N/A",51.0,105.0,105.0,PerUnit,4.0,2c06d914-2777-4913-8ff5-9c5a550d1ff6,101.0
9dea4547-71d5-40a1-b3cf-42922581be81,USD,R-000004,"#N/A",51.0,105.0,105.0,PerUnit,4.0,282051ce-5f6f-4e28-a1fd-e1e2886e0225,101.0
9dfb37bb-97c6-49c6-979f-5835c2b8c294,USD,R-000003,"#N/A",21.0,120.0,120.0,PerUnit,3.0,2b16fe3c-e18e-4c14-8a48-dfee7dab04df,51.0
9e8d0ea5-16eb-43fd-b5f5-3360f19303e3,USD,R-000004,"#N/A",51.0,105.0,105.0,PerUnit,4.0,4b13c5de-af18-4a77-aa1a-2e172b993527,101.0
9ea84c51-612a-49e1-81d3-c1c2ac845036,USD,R-000001,"#N/A",1.0,150.0,150.0,PerUnit,1.0,c82f2d4e-90ce-441d-b6c6-0b51b92b3956,11.0
9f7098d3-760f-4e87-9e3a-c0418138d8ae,USD,R-000005,"#N/A",101.0,100.0,100.0,PerUnit,5.0,41b68e8a-988d-46ec-999f-0d2347fc2677,"#N/A"
9fdbb408-a915-47a4-afe4-df33c0d4d52e,USD,R-000004,"#N/A",51.0,105.0,105.0,PerUnit,4.0,322898eb-b7ed-4647-b6f9-8328713aea4e,101.0
9ff8e2aa-47d4-4a14-a051-fcef13a9d19b,USD,R-000003,"#N/A",21.0,120.0,120.0,PerUnit,3.0,0fa6ff87-cf0c-47cb-ad89-7e5e4c463359,51.0
a09acd45-626a-45c5-a3bc-5350927fe682,USD,R-000001,"#N/A",1.0,150.0,150.0,PerUnit,1.0,5e6defb5-6abd-453e-a5cc-4d7d14ab614d,11.0
a1283c7d-2f9c-4ac6-94fa-d971396541e6,USD,R-000003,"#N/A",21.0,120.0,120.0,PerUnit,3.0,cf4aa9f2-5ab5-42ba-a044-e32d28616463,51.0
a12a6e01-0d0e-40df-8efe-67447a24e914,USD,R-000004,"#N/A",51.0,105.0,105.0,PerUnit,4.0,c33ce5d0-a5d6-4e4b-b4a1-e8b73aeff41b,101.0
a1bfd4df-8059-441e-9281-ea85e0f933ab,USD,R-000005,"#N/A",101.0,100.0,100.0,PerUnit,5.0,5e6defb5-6abd-453e-a5cc-4d7d14ab614d,"#N/A"
a1df8247-e228-4cea-a923-8e61454ab5fe,USD,R-000005,"#N/A",101.0,100.0,100.0,PerUnit,5.0,31aba6d1-068a-4596-9fd7-d625202b749a,"#N/A"
a1f60f70-580c-4024-ad4c-198852ab235f,USD,R-000002,"#N/A",11.0,135.0,135.0,PerUnit,2.0,81530b65-1f71-496b-ba25-0edd0f302285,21.0
a1f9d9a0-6d7e-4ec8-892d-fbdc0a275db5,USD,R-000002,"#N/A",11.0,135.0,135.0,PerUnit,2.0,20060e98-dc64-4cb2-a2fb-a115524e42b0,21.0
a207faa4-07fa-4302-9f0e-1f8741892f24,USD,R-000004,"#N/A",51.0,105.0,105.0,PerUnit,4.0,b48224b6-5fdb-4614-a0ba-ad78bdc4c015,101.0
a271d999-6fa6-48b1-8209-7adc98c9e017,USD,R-000001,"#N/A",1.0,150.0,150.0,PerUnit,1.0,e200d01b-3f79-4f7c-8a1a-817109327420,11.0
a2e1fe0b-0007-48f9-8c4f-f39f6a0dcca0,USD,R-000001,"#N/A",1.0,150.0,150.0,PerUnit,1.0,b48224b6-5fdb-4614-a0ba-ad78bdc4c015,11.0
a3069d46-dd4f-45b4-bb0b-34e98b297eee,USD,R-000003,"#N/A",21.0,120.0,120.0,PerUnit,3.0,bfe0d88c-2821-4c71-a214-0bada9df486f,51.0
a33d96de-8bd1-4f9c-8c60-8453d890ac39,USD,R-000001,"#N/A",1.0,150.0,150.0,PerUnit,1.0,13b7791b-7ea6-466e-afdd-7ea1e554c1f4,11.0
a371bbec-8fa7-44df-87b7-19eb0405a933,USD,R-000005,"#N/A",101.0,100.0,100.0,PerUnit,5.0,1761e3b9-e830-4e67-8a47-947950a7c764,"#N/A"
a425244d-a8f1-4f6c-bfb6-4ccc7f04c94c,USD,R-000005,"#N/A",101.0,100.0,100.0,PerUnit,5.0,3b16b851-b3d8-4d19-91b6-6ba7aeb870d6,"#N/A"
a43d93f4-ed17-4966-8c6e-5cec3beb9b3b,USD,R-000005,"#N/A",101.0,100.0,100.0,PerUnit,5.0,a7aa7d9b-99b1-4e57-a7fa-42769ce30b26,"#N/A"
a4490435-4635-417d-997b-9e2185d67636,USD,R-000001,"#N/A",1.0,150.0,150.0,PerUnit,1.0,49d1ed47-e60c-4033-b9d5-a7d833da4fe2,11.0
a4527cae-5194-44bc-93f2-79cd3cb234de,USD,R-000004,"#N/A",51.0,105.0,105.0,PerUnit,4.0,c97e3c83-13f6-456c-ac58-31ca96cb6e35,101.0
a50b52ec-2319-4b7a-8114-4c124e203d64,USD,R-000002,"#N/A",11.0,135.0,135.0,PerUnit,2.0,f6f289b9-e86c-439c-9ba7-125bae70ecae,21.0
a53ae8b3-5506-417e-9deb-97cd6a2f397d,USD,R-000004,"#N/A",51.0,105.0,105.0,PerUnit,4.0,459afd51-330c-4b7a-83f2-6c885233f9c0,101.0
a59a0e7b-5999-49ab-a111-14326f08e884,USD,R-000004,"#N/A",51.0,105.0,105.0,PerUnit,4.0,f1a2c208-e1ff-4e4b-a025-3004e044c205,101.0
a5b19a53-c76f-4bc1-8aa0-43b581d1b9ba,USD,R-000004,"#N/A",51.0,105.0,105.0,PerUnit,4.0,0eaaeafe-c1b2-43c6-8b05-dabf781a0e54,101.0
a5c8ac85-d719-4f95-bbf9-5c7f6ba8de1c,USD,R-000001,"#N/A",1.0,150.0,150.0,PerUnit,1.0,bfe0d88c-2821-4c71-a214-0bada9df486f,11.0
a5f49eef-69f2-4548-9e65-2f971d05a2e5,USD,R-000003,"#N/A",21.0,120.0,120.0,PerUnit,3.0,42acedf4-0fc0-4aa8-be52-a3f2a5b53d6b,51.0
a6016854-1b30-41df-bb79-d546a54d25de,USD,R-000005,"#N/A",101.0,100.0,100.0,PerUnit,5.0,4e0cedbe-b4ac-4fc5-9ae8-4048af0f406a,"#N/A"
a63913e4-fc31-431c-a163-59bb6a03fd5f,USD,R-000002,"#N/A",11.0,135.0,135.0,PerUnit,2.0,ccf070b5-5cd8-4c47-ba6b-93c010d8f824,21.0
a6582060-2c65-4044-b245-c65a5940c5cd,USD,R-000005,"#N/A",101.0,100.0,100.0,PerUnit,5.0,b89c615c-0ffc-40ee-ad63-e16eba524819,"#N/A"
a6601ad7-512f-4fe4-b6da-78dfc9d99c16,USD,R-000006,"#N/A",0.0,45000.0,45000.0,PerUnit,1.0,d8c7e0e4-042d-4c7a-ae45-b2241caafab4,3.0
a664979f-9842-42aa-928b-2d4288908cff,USD,R-000006,"#N/A",0.0,45000.0,45000.0,PerUnit,1.0,cd385035-7036-46b4-8e66-a9a1422dc802,3.0
a730e3ca-2e5e-411d-ab7b-f8f6101b66ae,USD,R-000005,"#N/A",101.0,100.0,100.0,PerUnit,5.0,5106b98a-0849-4fab-b0b5-c665a2c0b48e,"#N/A"
a73dfd5d-bece-4eb5-817e-bfa0eaa67900,USD,R-000004,"#N/A",51.0,105.0,105.0,PerUnit,4.0,77f279e2-da8c-473a-ad29-bb57a8728daf,101.0
a7991760-f175-43d2-844d-448dd302623b,USD,R-000002,"#N/A",11.0,135.0,135.0,PerUnit,2.0,d0726560-13e8-4bcf-acdb-8d536e4b0fdf,21.0
a7f8630d-98d3-474b-8da1-56306b1d8498,USD,R-000003,"#N/A",21.0,120.0,120.0,PerUnit,3.0,c2eebe44-feb1-4b30-9d03-c43f59af9e22,51.0
a83a1b96-a754-4769-99e2-6bf73c66899c,USD,R-000005,"#N/A",101.0,100.0,100.0,PerUnit,5.0,5208cdc7-817c-4ebe-9a77-eb34ff756563,"#N/A"
a8590bd0-9a39-42fb-b1f1-5e97e54b3dd1,USD,R-000005,"#N/A",101.0,100.0,100.0,PerUnit,5.0,41c9b0ac-ece6-4ae2-af32-db04a72a42e6,"#N/A"
a87819f6-d6af-4042-91ef-22dd86d8f02d,USD,R-000009,"#N/A",1.0,12.0,12.0,PerUnit,1.0,9bd83ea1-7ea8-4488-9e07-8f69f804ffa6,101.0
a8cf9577-7aa9-4bfe-8be1-952d6a4e3313,USD,R-000002,"#N/A",11.0,135.0,135.0,PerUnit,2.0,df107f42-9bbe-4827-89ae-b9ddd23d5f15,21.0
a92e3930-a17a-440c-b89c-e644a8c61abb,USD,R-000005,"#N/A",101.0,100.0,100.0,PerUnit,5.0,6337453e-b096-4211-b82d-921e2131c1b7,"#N/A"
a9953346-ead9-4c58-ba55-43249a8ed112,USD,R-000010,"#N/A",101.0,11.0,11.0,PerUnit,2.0,9bd83ea1-7ea8-4488-9e07-8f69f804ffa6,201.0
a9db9df6-86da-4509-be0d-d2bcc761d1e2,USD,R-000005,"#N/A",101.0,100.0,100.0,PerUnit,5.0,19fce6b2-fdae-4eda-b023-7fde27375967,"#N/A"
aa71149c-4c1d-4e90-888b-f3753c37509c,USD,R-000001,"#N/A",1.0,150.0,150.0,PerUnit,1.0,07dcd79d-bb68-4780-8900-424e3fb4433d,11.0
ab91a9f4-5e34-4efb-b360-418b611e6da1,USD,R-000002,"#N/A",11.0,135.0,135.0,PerUnit,2.0,30569110-f1e7-4f20-8e0f-5ef4afb05a14,21.0
abc3959a-548f-4da4-9695-b011e302a3c9,USD,R-000001,"#N/A",1.0,150.0,150.0,PerUnit,1.0,2272349d-49b1-4cbc-a8a5-e1cddc4e0a0f,11.0
abc44728-0de1-48b6-ba72-06040fb5643e,USD,R-000001,"#N/A",1.0,150.0,150.0,PerUnit,1.0,c97e3c83-13f6-456c-ac58-31ca96cb6e35,11.0
abcb02e1-6566-4556-8560-1e82dda6d34e,USD,R-000003,"#N/A",21.0,120.0,120.0,PerUnit,3.0,91e459b5-382e-4628-b794-ccca4f246b9e,51.0
ad7f21ee-3772-42d1-bd27-c053e4008bcb,USD,R-000005,"#N/A",101.0,100.0,100.0,PerUnit,5.0,5c307514-69dd-44b2-811a-9493974f786c,"#N/A"
addd0a09-c0b9-42bb-b5fe-ccf5974c3a5b,USD,R-000005,"#N/A",101.0,100.0,100.0,PerUnit,5.0,d9f956e1-2543-4500-b19d-4f2e562376fc,"#N/A"
adfac93e-21da-4608-a4a0-6f47d407bf5c,USD,R-000003,"#N/A",21.0,120.0,120.0,PerUnit,3.0,df107f42-9bbe-4827-89ae-b9ddd23d5f15,51.0
adfbdd52-95cf-4dc7-bb39-8666386a5058,USD,R-000005,"#N/A",101.0,100.0,100.0,PerUnit,5.0,b4d29663-c9b2-4828-b43f-1d1db9348e4c,"#N/A"
ae3f03c7-4e8d-4990-bf89-e5c4e6b4766f,USD,R-000002,"#N/A",11.0,135.0,135.0,PerUnit,2.0,19fce6b2-fdae-4eda-b023-7fde27375967,21.0
afc959a1-991b-4893-93e1-ec87ad8158c5,USD,R-000003,"#N/A",21.0,120.0,120.0,PerUnit,3.0,95f9e68a-3682-4b12-b003-49db3198f627,51.0
b01e17e1-7bc0-4c96-a63f-9af4e330cfd3,USD,R-000004,"#N/A",51.0,105.0,105.0,PerUnit,4.0,c859b2bd-089f-46dc-b1fc-6ce555d6676d,101.0
b0206935-8ecb-4f27-b603-67cbc3b08066,USD,R-000001,"#N/A",1.0,150.0,150.0,PerUnit,1.0,b975938e-bd4b-49f1-a4f1-2dd05935e58a,11.0
b0476b25-8d0f-47a7-b272-42bb6f8f07fa,USD,R-000003,"#N/A",21.0,120.0,120.0,PerUnit,3.0,2bc07062-6ac0-435c-94a7-38b53226b138,51.0
b0489972-662c-4d80-9749-72062e2fdf99,USD,R-000003,"#N/A",21.0,120.0,120.0,PerUnit,3.0,ef540412-48a4-44f6-b1ed-ab6a4d7f15c2,51.0
b078470e-bc5a-42ee-b21b-ccd9a8c64781,USD,R-000002,"#N/A",11.0,135.0,135.0,PerUnit,2.0,269c6521-0eab-4cd9-abc9-41b8c3f84534,21.0
b0d43b5f-800d-43c2-967e-618d84d6be1d,USD,R-000005,"#N/A",101.0,100.0,100.0,PerUnit,5.0,b48224b6-5fdb-4614-a0ba-ad78bdc4c015,"#N/A"
b0e0ab2d-9233-43cb-8e70-6862e8ba5f9f,USD,R-000011,"#N/A",201.0,10.5,10.5,PerUnit,3.0,6ef14aff-a79a-470c-9a57-0e357499a611,301.0
b0f2fac5-8fea-434f-9cde-611818781b3d,USD,R-000004,"#N/A",51.0,105.0,105.0,PerUnit,4.0,d3e7baf4-68e5-408e-b3a7-d9fce372a207,101.0
b17251f1-39aa-4a08-b9e7-1c4448cfb2f6,USD,R-000001,"#N/A",1.0,150.0,150.0,PerUnit,1.0,4eaf2b57-95e6-41e4-aada-14b319df0005,11.0
b1e06485-186f-4cb3-b9ec-d57c2539e129,USD,R-000003,"#N/A",21.0,120.0,120.0,PerUnit,3.0,3f1e9c3a-31cf-480e-b606-8181a49ccdad,51.0
b1fa54b9-2d87-46d3-8c8d-70a91d7eba62,USD,R-000001,"#N/A",1.0,150.0,150.0,PerUnit,1.0,3f1e9c3a-31cf-480e-b606-8181a49ccdad,11.0
b2074de4-9d3d-4dc4-a4a4-12eca1b1bb9f,USD,R-000001,"#N/A",1.0,150.0,150.0,PerUnit,1.0,20060e98-dc64-4cb2-a2fb-a115524e42b0,11.0
b209bd32-d5ca-49aa-8ef6-2c1494c16864,USD,R-000003,"#N/A",21.0,120.0,120.0,PerUnit,3.0,2c06d914-2777-4913-8ff5-9c5a550d1ff6,51.0
b21e3966-aa28-4627-9eeb-ff500ba741b2,USD,R-000003,"#N/A",21.0,120.0,120.0,PerUnit,3.0,ccf070b5-5cd8-4c47-ba6b-93c010d8f824,51.0
b22b4774-e607-4f02-9f19-fc5de9b01da6,USD,R-000004,"#N/A",51.0,105.0,105.0,PerUnit,4.0,77b45590-50f5-4cef-85a2-dd4eb13860c9,101.0
b23fa8f3-1785-439c-8589-0f49f75c4ce3,USD,R-000001,"#N/A",1.0,150.0,150.0,PerUnit,1.0,6337453e-b096-4211-b82d-921e2131c1b7,11.0
b2bc4b7c-5fb7-45db-87ad-f6e4b212e957,USD,R-000002,"#N/A",11.0,135.0,135.0,PerUnit,2.0,dc59355e-a8ce-4f94-bf9f-da0d49ef9716,21.0
b31e540a-4cb6-430d-946d-dc862dd5cfd9,USD,R-000005,"#N/A",101.0,100.0,100.0,PerUnit,5.0,ca396e6b-2dc7-4e0f-be98-2b95b91196d5,"#N/A"
b366f734-f17c-454a-8c2e-222dd7656e34,USD,R-000004,"#N/A",51.0,105.0,105.0,PerUnit,4.0,57d6411d-560a-4cb0-b225-a64a26f92276,101.0
b3e8afb6-0033-489c-9df5-e0e0eb5c577a,USD,R-000002,"#N/A",11.0,135.0,135.0,PerUnit,2.0,c82f2d4e-90ce-441d-b6c6-0b51b92b3956,21.0
b4d79725-da03-4bd9-ab41-7b0367ecf229,USD,R-000005,"#N/A",101.0,100.0,100.0,PerUnit,5.0,5dee0e83-a3df-4f0a-9993-e3bd1d3f67a1,"#N/A"
b4edd06e-319e-4376-84b8-9fe07f36cbb5,USD,R-000003,"#N/A",21.0,120.0,120.0,PerUnit,3.0,5e6defb5-6abd-453e-a5cc-4d7d14ab614d,51.0
b4fe6314-fa89-4ffe-ab93-d38387f8c04a,USD,R-000001,"#N/A",1.0,150.0,150.0,PerUnit,1.0,7675e4ef-6532-43dc-8a43-810c9747c3b2,11.0
b59c3352-0031-4b36-b2ff-7705eb8388db,USD,R-000009,"#N/A",1.0,12.0,12.0,PerUnit,1.0,89f54977-a3f3-45c4-a7ee-b095c0ea3a1a,101.0
b5be61f2-97cc-412e-9053-8e295c45d748,USD,R-000002,"#N/A",11.0,135.0,135.0,PerUnit,2.0,61d0f8a1-454d-4894-8aff-bcc412e4a6aa,21.0
b5d46e2c-a53b-4057-9f63-aa087df511a7,USD,R-000002,"#N/A",11.0,135.0,135.0,PerUnit,2.0,921dae1b-34ac-4dfa-9017-2801bf0c3c97,21.0
b5f44098-2b66-48b2-a956-af4059d2a0a5,USD,R-000004,"#N/A",51.0,105.0,105.0,PerUnit,4.0,3e3ad8e4-8e99-4482-8ee6-7b4756b68fa9,101.0
b615f6b8-119c-4acf-a08f-f924c6108a86,USD,R-000003,"#N/A",21.0,120.0,120.0,PerUnit,3.0,e200d01b-3f79-4f7c-8a1a-817109327420,51.0
b646efb5-d6c4-4478-938d-b58ae71dc1b1,USD,R-000003,"#N/A",21.0,120.0,120.0,PerUnit,3.0,c97e3c83-13f6-456c-ac58-31ca96cb6e35,51.0
b67d1dca-315b-492a-a90a-80251283ac95,USD,R-000003,"#N/A",21.0,120.0,120.0,PerUnit,3.0,57d6411d-560a-4cb0-b225-a64a26f92276,51.0
b7302240-d34f-4ce6-b2b7-105eb9ee4b72,USD,R-000003,"#N/A",21.0,120.0,120.0,PerUnit,3.0,6337453e-b096-4211-b82d-921e2131c1b7,51.0
b7b364df-7a79-457c-b8c3-dd4bddfea507,USD,R-000005,"#N/A",101.0,100.0,100.0,PerUnit,5.0,2cb31a0a-1c4c-44bb-b5a3-bb605fdf4f9b,"#N/A"
b7f7d83e-1e35-4ee9-9442-36b857948ca1,USD,R-000008,"#N/A",3.0,50000.0,50000.0,FlatFee,2.0,38bb0262-fe45-40ce-a92e-fae8f617fb74,"#N/A"
b830bc8b-5a56-4402-8948-7b92f47ce3bd,USD,R-000003,"#N/A",21.0,120.0,120.0,PerUnit,3.0,83c38fc5-2a10-46ba-baa8-4e15c11af203,51.0
b8c6e124-911c-4cee-b8a5-10d50268b2a2,USD,R-000004,"#N/A",51.0,105.0,105.0,PerUnit,4.0,d9f956e1-2543-4500-b19d-4f2e562376fc,101.0
b901fadd-a833-4058-b155-c1265a87f47f,USD,R-000005,"#N/A",101.0,100.0,100.0,PerUnit,5.0,876a2ef4-3f13-4218-b163-e3cba5aadd3e,"#N/A"
b9289801-2671-4be2-8db7-eafc74bbcfc3,USD,R-000001,"#N/A",1.0,150.0,150.0,PerUnit,1.0,7b726e29-fb55-42e2-a814-1aa57eccc7d4,11.0
b9398edc-39d3-4c96-9a98-d80c5152c933,USD,R-000004,"#N/A",51.0,105.0,105.0,PerUnit,4.0,2272349d-49b1-4cbc-a8a5-e1cddc4e0a0f,101.0
b946b26a-2ae6-459c-8f24-062fc8f2f680,USD,R-000001,"#N/A",1.0,150.0,150.0,PerUnit,1.0,900ccfc8-92ac-496e-98cf-610d7c94eaf6,11.0
b96f7aa1-1d17-445a-8a66-68bd2def995b,USD,R-000005,"#N/A",101.0,100.0,100.0,PerUnit,5.0,ae6ab6ab-541f-4055-b21e-5c9166355d65,"#N/A"
b9717f36-6f3a-4cb5-b540-4bfa02c46e84,USD,R-000002,"#N/A",11.0,135.0,135.0,PerUnit,2.0,396c6d87-508e-476b-bc0c-bb0663949893,21.0
ba1d7659-0e69-4f83-aa23-9e87974a1520,USD,R-000004,"#N/A",51.0,105.0,105.0,PerUnit,4.0,dc59355e-a8ce-4f94-bf9f-da0d49ef9716,101.0
ba22e67c-6401-4bd3-803d-19e3053b9225,USD,R-000001,"#N/A",1.0,150.0,150.0,PerUnit,1.0,1761e3b9-e830-4e67-8a47-947950a7c764,11.0
ba4f53b2-b1dc-4da2-86c1-5d6f79c849fb,USD,R-000005,"#N/A",101.0,100.0,100.0,PerUnit,5.0,3fb8f3a6-7dc6-4295-b9ec-d02fe755a37e,"#N/A"
ba929bd0-05fd-40ef-8105-6313aa3c7701,USD,R-000001,"#N/A",1.0,150.0,150.0,PerUnit,1.0,d11d0f60-d4bd-4779-8f25-095249668399,11.0
baae8917-ad54-4d85-b0e1-f060fe0e7494,USD,R-000004,"#N/A",51.0,105.0,105.0,PerUnit,4.0,5106b98a-0849-4fab-b0b5-c665a2c0b48e,101.0
badf37ca-b9cb-4470-ae60-e3866745d4a2,USD,R-000002,"#N/A",11.0,135.0,135.0,PerUnit,2.0,2bc07062-6ac0-435c-94a7-38b53226b138,21.0
bb43fd18-3f36-4f46-8c4a-283f5061c119,USD,R-000005,"#N/A",101.0,100.0,100.0,PerUnit,5.0,42acedf4-0fc0-4aa8-be52-a3f2a5b53d6b,"#N/A"
bb715347-3e03-45f3-a779-d33c8ab52b81,USD,R-000003,"#N/A",21.0,120.0,120.0,PerUnit,3.0,77b45590-50f5-4cef-85a2-dd4eb13860c9,51.0
bc7ab403-c6f8-49f6-938a-ded3a42e053b,USD,R-000004,"#N/A",51.0,105.0,105.0,PerUnit,4.0,7aa39d68-23ca-4e99-8c75-6e977f03d5f1,101.0
bc8680d5-0a5f-4fbf-bc16-fd11b0610b88,USD,R-000003,"#N/A",21.0,120.0,120.0,PerUnit,3.0,a9ee115c-e5de-445f-8fe3-9fd3e3063d69,51.0
bc8ced89-bde8-4d57-a37d-1d6db71f12de,USD,R-000003,"#N/A",21.0,120.0,120.0,PerUnit,3.0,5c808d71-7f4f-4fb8-8c2e-1431f0d21e87,51.0
bd1b9440-218d-43ad-9406-eb1af8a2adfa,USD,R-000002,"#N/A",11.0,135.0,135.0,PerUnit,2.0,f1c4adf5-61cc-4b06-b060-e27b0a1d7685,21.0
bd748a9c-f25a-4f6a-8c7c-514e20ae71a2,USD,R-000001,"#N/A",1.0,150.0,150.0,PerUnit,1.0,a9ee115c-e5de-445f-8fe3-9fd3e3063d69,11.0
bd831502-cd4c-4187-b696-0c57094e8fe3,USD,R-000001,"#N/A",1.0,150.0,150.0,PerUnit,1.0,77b45590-50f5-4cef-85a2-dd4eb13860c9,11.0
bdd31c6e-3ba8-4328-a53e-3faf56c69c89,USD,R-000002,"#N/A",11.0,135.0,135.0,PerUnit,2.0,d78c8ec1-2367-4525-a045-23f5eec7c170,21.0
be2a57c9-f098-4ea9-8fbe-3cbe434c707c,USD,R-000003,"#N/A",21.0,120.0,120.0,PerUnit,3.0,13b7791b-7ea6-466e-afdd-7ea1e554c1f4,51.0
be5c9b60-1fe8-4f51-9172-79a63202d011,USD,R-000005,"#N/A",101.0,100.0,100.0,PerUnit,5.0,674047ec-7ff9-4d07-93f2-03ec847153fe,"#N/A"
be912d42-f1b8-4ca0-a005-2c343fbc9461,USD,R-000005,"#N/A",101.0,100.0,100.0,PerUnit,5.0,5f1e6325-9136-471f-8395-1e224f65bdc2,"#N/A"
bebb3736-31a0-42b2-9318-477d6b8c5ac6,USD,R-000002,"#N/A",11.0,135.0,135.0,PerUnit,2.0,6dc3c1a6-f0d5-4a1f-a910-70b042e2865d,21.0
bef1f9c1-8289-4315-a026-b3403aaa993e,USD,R-000002,"#N/A",11.0,135.0,135.0,PerUnit,2.0,4eaf2b57-95e6-41e4-aada-14b319df0005,21.0
bf74d6c0-1fe7-416c-bcab-aa1ec98ddccd,USD,R-000003,"#N/A",21.0,120.0,120.0,PerUnit,3.0,d82e1ff8-ad30-4c4c-9311-ca4a30255b03,51.0
bf99ae26-20a2-467b-92b5-d9a66ed4a4b0,USD,R-000002,"#N/A",11.0,135.0,135.0,PerUnit,2.0,0c53c71d-46bd-487d-aa7e-cca31ffc4486,21.0
c05e08b5-601d-4f31-9568-08e408990b01,USD,R-000004,"#N/A",51.0,105.0,105.0,PerUnit,4.0,b975938e-bd4b-49f1-a4f1-2dd05935e58a,101.0
c0c67fc9-5783-4434-a737-3ff779ceacea,USD,R-000004,"#N/A",51.0,105.0,105.0,PerUnit,4.0,5c808d71-7f4f-4fb8-8c2e-1431f0d21e87,101.0
c0efcd4d-5438-4f45-96b3-c201d9da9f76,USD,R-000004,"#N/A",51.0,105.0,105.0,PerUnit,4.0,83c38fc5-2a10-46ba-baa8-4e15c11af203,101.0
c12d0ef2-a3c7-4bd6-8328-49a98af9aafa,USD,R-000002,"#N/A",11.0,135.0,135.0,PerUnit,2.0,41c9b0ac-ece6-4ae2-af32-db04a72a42e6,21.0
c221b06f-98a6-48fa-b1f4-866dd91f853f,USD,R-000004,"#N/A",51.0,105.0,105.0,PerUnit,4.0,674047ec-7ff9-4d07-93f2-03ec847153fe,101.0
c224e157-0293-475d-932b-8d5cca85beeb,USD,R-000004,"#N/A",51.0,105.0,105.0,PerUnit,4.0,19fce6b2-fdae-4eda-b023-7fde27375967,101.0
c2733fde-7b0e-4d19-aa95-cf4a960702b3,USD,R-000001,"#N/A",1.0,150.0,150.0,PerUnit,1.0,d82e1ff8-ad30-4c4c-9311-ca4a30255b03,11.0
c3585b89-1522-43c1-a712-db172245b13c,USD,R-000004,"#N/A",51.0,105.0,105.0,PerUnit,4.0,35bab2aa-748a-4455-b29b-61bf07274f02,101.0
c3a5e6df-8814-433a-a2d4-93be2dd58bc6,USD,R-000008,"#N/A",3.0,50000.0,50000.0,FlatFee,2.0,cd385035-7036-46b4-8e66-a9a1422dc802,"#N/A"
c4979525-6361-41ad-b102-84aabb82936d,USD,R-000004,"#N/A",51.0,105.0,105.0,PerUnit,4.0,269c6521-0eab-4cd9-abc9-41b8c3f84534,101.0
c49a4dab-a572-4e0b-9087-a5d287dbfb88,USD,R-000002,"#N/A",11.0,135.0,135.0,PerUnit,2.0,282051ce-5f6f-4e28-a1fd-e1e2886e0225,21.0
c4fda249-ff02-46f0-be58-0a9ff7a5ad6d,USD,R-000001,"#N/A",1.0,150.0,150.0,PerUnit,1.0,037345e2-acc4-473d-85ff-69c35b91d18d,11.0
c72cc245-a483-4763-8285-f01a880272e4,USD,R-000012,"#N/A",301.0,10.0,10.0,PerUnit,4.0,6a86c180-86ca-436b-bc2e-357dc7d4ba45,"#N/A"
c753895a-43d7-4c93-9a39-557fb6d182af,USD,R-000001,"#N/A",1.0,150.0,150.0,PerUnit,1.0,8a5d2146-f8ac-47f1-afe7-4725d448d4ab,11.0
c757bd2b-250a-4164-a25e-cef363a6b781,USD,R-000002,"#N/A",11.0,135.0,135.0,PerUnit,2.0,64394bf0-d52d-4ba4-a89f-e31662602157,21.0
c7a6a9a3-54b0-4f07-a398-6b60450aac44,USD,R-000001,"#N/A",1.0,150.0,150.0,PerUnit,1.0,5106b98a-0849-4fab-b0b5-c665a2c0b48e,11.0
c7b29496-35dd-4be3-b797-2ae23ad62b2c,USD,R-000003,"#N/A",21.0,120.0,120.0,PerUnit,3.0,f1f6e5ea-9a3e-4dd1-84ce-326ad3080b98,51.0
c7be5eab-85ce-42b8-9a03-31b0eee3e81e,USD,R-000005,"#N/A",101.0,100.0,100.0,PerUnit,5.0,d82e1ff8-ad30-4c4c-9311-ca4a30255b03,"#N/A"
c826fa44-e5f9-41f4-b66c-b156468a2342,USD,R-000008,"#N/A",3.0,50000.0,50000.0,FlatFee,2.0,647ac49b-1c02-47ef-b884-a2017da0a692,"#N/A"
c92974ed-545c-4b89-803d-f330207438fa,USD,R-000004,"#N/A",51.0,105.0,105.0,PerUnit,4.0,c0893780-e32d-422a-b8ff-3b38738437b2,101.0
c9cc1dda-e775-4e54-a4d9-7b77ce7307bf,USD,R-000002,"#N/A",11.0,135.0,135.0,PerUnit,2.0,0afe9a22-3ad3-4973-8032-f0fdfdfc79d8,21.0
c9eda1d7-23bd-4f66-83f2-1c85bd19a673,USD,R-000001,"#N/A",1.0,150.0,150.0,PerUnit,1.0,f6f289b9-e86c-439c-9ba7-125bae70ecae,11.0
ca13c8e6-2067-4c06-bfcb-05741c3ff9b6,USD,R-000005,"#N/A",101.0,100.0,100.0,PerUnit,5.0,77f279e2-da8c-473a-ad29-bb57a8728daf,"#N/A"
ca95cc14-4dab-466c-b839-170d96415de5,USD,R-000001,"#N/A",1.0,150.0,150.0,PerUnit,1.0,a7aa7d9b-99b1-4e57-a7fa-42769ce30b26,11.0
cadca641-12ff-4bb6-9736-9e3bee97630e,USD,R-000002,"#N/A",11.0,135.0,135.0,PerUnit,2.0,b975938e-bd4b-49f1-a4f1-2dd05935e58a,21.0
cb2ed08b-ff9d-4adf-9f99-8a99b41db500,USD,R-000003,"#N/A",21.0,120.0,120.0,PerUnit,3.0,459afd51-330c-4b7a-83f2-6c885233f9c0,51.0
cb559ab0-b2e4-4b82-94e1-d7a8d55abf66,USD,R-000002,"#N/A",11.0,135.0,135.0,PerUnit,2.0,6d3b6755-aa41-479d-b401-188e1a608095,21.0
cc28ded0-8cc9-4df9-9c36-92ea398d19bb,USD,R-000005,"#N/A",101.0,100.0,100.0,PerUnit,5.0,2c06d914-2777-4913-8ff5-9c5a550d1ff6,"#N/A"
cc2b26d8-89b2-4419-acdb-533fccf3ae3e,USD,R-000002,"#N/A",11.0,135.0,135.0,PerUnit,2.0,ae6ab6ab-541f-4055-b21e-5c9166355d65,21.0
cca72ea4-3ac3-4315-9e2b-e8eaed17968c,USD,R-000009,"#N/A",1.0,12.0,12.0,PerUnit,1.0,6ef14aff-a79a-470c-9a57-0e357499a611,101.0
ccefe77d-7c27-4da0-b0a9-91f9590874a4,USD,R-000004,"#N/A",51.0,105.0,105.0,PerUnit,4.0,ca396e6b-2dc7-4e0f-be98-2b95b91196d5,101.0
cd13042a-790e-4c59-9624-e5fd4a2c38f5,USD,R-000002,"#N/A",11.0,135.0,135.0,PerUnit,2.0,38b7ce85-6f20-4f82-984e-c9dcac4feda6,21.0
cd4abe16-b7e1-4c31-b5cf-d18bf5380a40,USD,R-000003,"#N/A",21.0,120.0,120.0,PerUnit,3.0,282051ce-5f6f-4e28-a1fd-e1e2886e0225,51.0
cda38af6-edc4-4638-9eea-f3e34b43c1e5,USD,R-000005,"#N/A",101.0,100.0,100.0,PerUnit,5.0,269c6521-0eab-4cd9-abc9-41b8c3f84534,"#N/A"
cde3a317-c4dc-42d4-b378-fbe0201d9bef,USD,R-000005,"#N/A",101.0,100.0,100.0,PerUnit,5.0,120b2e5c-0cc1-40b0-829a-3bd7f075a54c,"#N/A"
cdf71905-bf7a-429d-8965-83337aa3ecf0,USD,R-000012,"#N/A",301.0,10.0,10.0,PerUnit,4.0,af048d41-1498-4b00-8762-c6c34a2a4fb2,"#N/A"
cf1d11fe-8c31-4bc9-8c50-fa73aa61fc96,USD,R-000004,"#N/A",51.0,105.0,105.0,PerUnit,4.0,02bc0ef8-39bf-4df9-bc71-d309a128593e,101.0
cf6e6f63-da17-4988-a74f-a7862a5c8ab8,USD,R-000004,"#N/A",51.0,105.0,105.0,PerUnit,4.0,72eeaf7d-385e-459e-ba60-d67bab4064c8,101.0
cfa634d0-c56a-442b-ae21-d6886cd55bf8,USD,R-000005,"#N/A",101.0,100.0,100.0,PerUnit,5.0,282051ce-5f6f-4e28-a1fd-e1e2886e0225,"#N/A"
cfb08641-e8ac-467a-9cb4-454d1eb9306d,USD,R-000001,"#N/A",1.0,150.0,150.0,PerUnit,1.0,5c808d71-7f4f-4fb8-8c2e-1431f0d21e87,11.0
cfb12c6e-3883-4358-8a8a-4baebc745dbd,USD,R-000001,"#N/A",1.0,150.0,150.0,PerUnit,1.0,0321d1b4-b39d-4e3c-80da-3ebc072ed855,11.0
cfd70d6f-2845-41cc-898f-c340c970eadf,USD,R-000005,"#N/A",101.0,100.0,100.0,PerUnit,5.0,3f1e9c3a-31cf-480e-b606-8181a49ccdad,"#N/A"
d0425ed3-f731-4185-a573-c6040b6a0ae6,USD,R-000011,"#N/A",201.0,10.5,10.5,PerUnit,3.0,89f54977-a3f3-45c4-a7ee-b095c0ea3a1a,301.0
d0ad3b22-8663-47ac-acf9-8a50b927de05,USD,R-000004,"#N/A",51.0,105.0,105.0,PerUnit,4.0,93c6b8c1-def1-48c3-95a9-4806e5971dbe,101.0
d0b86134-2222-47bc-bf9f-8b155f3b9acb,USD,R-000010,"#N/A",101.0,11.0,11.0,PerUnit,2.0,3972d6e6-a197-4957-9374-782f6dd0bd05,201.0
d0d9526d-e102-40f6-95c4-5b5b1b1d76ee,USD,R-000001,"#N/A",1.0,150.0,150.0,PerUnit,1.0,7b4552d9-8656-4b78-875c-06786cf2442d,11.0
d1405232-57ad-4e9d-bd08-93e2f4a586ca,USD,R-000001,"#N/A",1.0,150.0,150.0,PerUnit,1.0,07434b4c-7fc3-46bb-888c-3771c4eac222,11.0
d14e893e-2bad-45c0-b46c-7c22ad4e5a63,USD,R-000002,"#N/A",11.0,135.0,135.0,PerUnit,2.0,77f279e2-da8c-473a-ad29-bb57a8728daf,21.0
d1ecc533-e578-48a3-babf-5469923fc438,USD,R-000001,"#N/A",1.0,150.0,150.0,PerUnit,1.0,5f1e6325-9136-471f-8395-1e224f65bdc2,11.0
d20bfcef-23ca-4940-8cf0-c2c40ca8e197,USD,R-000001,"#N/A",1.0,150.0,150.0,PerUnit,1.0,5c307514-69dd-44b2-811a-9493974f786c,11.0
d2428d99-a655-4384-aab6-b67a4a397b1f,USD,R-000001,"#N/A",1.0,150.0,150.0,PerUnit,1.0,674047ec-7ff9-4d07-93f2-03ec847153fe,11.0
d28fbd43-3e1b-46e3-86df-71417a5adf74,USD,R-000002,"#N/A",11.0,135.0,135.0,PerUnit,2.0,7675e4ef-6532-43dc-8a43-810c9747c3b2,21.0
d2c403ad-b284-4780-8308-b49e781fa27a,USD,R-000005,"#N/A",101.0,100.0,100.0,PerUnit,5.0,83c38fc5-2a10-46ba-baa8-4e15c11af203,"#N/A"
d2ea89e4-c810-4323-ad80-3fd579753f90,USD,R-000001,"#N/A",1.0,150.0,150.0,PerUnit,1.0,ccf070b5-5cd8-4c47-ba6b-93c010d8f824,11.0
d30d876d-3e46-43a9-9585-1fd6da7a3cef,USD,R-000005,"#N/A",101.0,100.0,100.0,PerUnit,5.0,d3e7baf4-68e5-408e-b3a7-d9fce372a207,"#N/A"
d340d73e-4533-4db8-8c28-6ff177e7b9a8,USD,R-000002,"#N/A",11.0,135.0,135.0,PerUnit,2.0,6753a080-f307-49ee-9d8f-50919d85307a,21.0
d3a90fcf-9a9e-4a51-a861-0edf64f97e0f,USD,R-000003,"#N/A",21.0,120.0,120.0,PerUnit,3.0,b4d29663-c9b2-4828-b43f-1d1db9348e4c,51.0
d420d785-52d4-4beb-bb59-9e8e725a9430,USD,R-000002,"#N/A",11.0,135.0,135.0,PerUnit,2.0,d11d0f60-d4bd-4779-8f25-095249668399,21.0
d469b6b4-3336-42df-a215-75ed79c4aa7e,USD,R-000001,"#N/A",1.0,150.0,150.0,PerUnit,1.0,2c06d914-2777-4913-8ff5-9c5a550d1ff6,11.0
d4d4da8b-7c7f-4685-99c8-c99401a9c58b,USD,R-000001,"#N/A",1.0,150.0,150.0,PerUnit,1.0,dc59355e-a8ce-4f94-bf9f-da0d49ef9716,11.0
d4ee4ea1-edff-4343-86e4-7d0c7d821494,USD,R-000004,"#N/A",51.0,105.0,105.0,PerUnit,4.0,0b93e705-7a2e-4744-ade6-14645805effc,101.0
d56a3267-cd03-46b1-9044-ea73fef75874,USD,R-000005,"#N/A",101.0,100.0,100.0,PerUnit,5.0,3b65e52c-59d4-449b-a4d1-ab3c02da3eef,"#N/A"
d623cad8-930b-40c6-aedf-95f3304a93ba,USD,R-000005,"#N/A",101.0,100.0,100.0,PerUnit,5.0,ac160d59-9d28-4a46-97fb-e8cb9bb2904a,"#N/A"
d704714e-defd-4b48-adb6-222abd96ec3f,USD,R-000009,"#N/A",1.0,12.0,12.0,PerUnit,1.0,6a86c180-86ca-436b-bc2e-357dc7d4ba45,101.0
d7195e0c-3e63-42e6-8296-c48362687083,USD,R-000005,"#N/A",101.0,100.0,100.0,PerUnit,5.0,900ccfc8-92ac-496e-98cf-610d7c94eaf6,"#N/A"
d7576cab-a46b-4df5-aa06-c2c9f4c07367,USD,R-000001,"#N/A",1.0,150.0,150.0,PerUnit,1.0,8da313c6-b16d-4b36-901c-8bac7d6f6fc3,11.0
d78124a4-0de3-470b-b2ca-701d63de81d8,USD,R-000004,"#N/A",51.0,105.0,105.0,PerUnit,4.0,2cb31a0a-1c4c-44bb-b5a3-bb605fdf4f9b,101.0
d8810b87-d8af-4254-a3c9-f8140b230282,USD,R-000004,"#N/A",51.0,105.0,105.0,PerUnit,4.0,49d1ed47-e60c-4033-b9d5-a7d833da4fe2,101.0
d897b650-69b7-4d33-858a-b731f60bf09b,USD,R-000001,"#N/A",1.0,150.0,150.0,PerUnit,1.0,91e459b5-382e-4628-b794-ccca4f246b9e,11.0
d931cc7f-8bb3-4caf-84bb-2051be2b4b37,USD,R-000011,"#N/A",201.0,10.5,10.5,PerUnit,3.0,a451f088-1777-49dd-9e67-bcc6feea5d0a,301.0
d9d48f76-3ae0-49ef-849e-df0a775db143,USD,R-000005,"#N/A",101.0,100.0,100.0,PerUnit,5.0,396c6d87-508e-476b-bc0c-bb0663949893,"#N/A"
da1ee16a-dab8-40de-8917-2777b9ac58ea,USD,R-000005,"#N/A",101.0,100.0,100.0,PerUnit,5.0,7b2df618-166e-4bd0-afe1-1205cc089206,"#N/A"
daaceb4d-6aee-41a8-8fa4-5e84247096b0,USD,R-000005,"#N/A",101.0,100.0,100.0,PerUnit,5.0,f1f6e5ea-9a3e-4dd1-84ce-326ad3080b98,"#N/A"
dabf0e5a-69db-4b2d-b359-df2900cdff2b,USD,R-000003,"#N/A",21.0,120.0,120.0,PerUnit,3.0,d78c8ec1-2367-4525-a045-23f5eec7c170,51.0
dad83927-f098-4d7d-ba4c-4dbe1387cc5f,USD,R-000005,"#N/A",101.0,100.0,100.0,PerUnit,5.0,0fa6ff87-cf0c-47cb-ad89-7e5e4c463359,"#N/A"
daee783d-6fe8-49ee-81a5-c58ad2edbcc6,USD,R-000003,"#N/A",21.0,120.0,120.0,PerUnit,3.0,fb0537c8-fd8f-4126-8eae-ceffe7e9a697,51.0
db1f1815-6f83-45bb-a86a-4af1fd7499b3,USD,R-000002,"#N/A",11.0,135.0,135.0,PerUnit,2.0,8da313c6-b16d-4b36-901c-8bac7d6f6fc3,21.0
db30b18a-bc3a-450e-aaa7-a1400e1ffb6a,USD,R-000001,"#N/A",1.0,150.0,150.0,PerUnit,1.0,f0dd2e48-a4d0-40cf-8179-11cd8a090239,11.0
db5ba928-88c1-4593-884c-09c6ac7d9c09,USD,R-000003,"#N/A",21.0,120.0,120.0,PerUnit,3.0,311d4e36-589e-4c4a-89ff-235891dae3c2,51.0
dbf0ef21-79df-4770-af3e-c4e2b8095119,USD,R-000005,"#N/A",101.0,100.0,100.0,PerUnit,5.0,38b7ce85-6f20-4f82-984e-c9dcac4feda6,"#N/A"
dbf9cabe-5147-4185-9067-f3df2ae60211,USD,R-000005,"#N/A",101.0,100.0,100.0,PerUnit,5.0,311d4e36-589e-4c4a-89ff-235891dae3c2,"#N/A"
dc6caed3-2372-4ace-bf87-acd6d95f030a,USD,R-000004,"#N/A",51.0,105.0,105.0,PerUnit,4.0,81530b65-1f71-496b-ba25-0edd0f302285,101.0
dd195cdf-9c5a-456f-9eaf-44687d884ebd,USD,R-000010,"#N/A",101.0,11.0,11.0,PerUnit,2.0,6ef14aff-a79a-470c-9a57-0e357499a611,201.0
dd9c156e-7db8-4f97-b91d-2b7041bdc528,USD,R-000006,"#N/A",0.0,45000.0,45000.0,PerUnit,1.0,647ac49b-1c02-47ef-b884-a2017da0a692,3.0
ddb1efc9-31c2-4392-aaaf-f0aca8ac3ece,USD,R-000002,"#N/A",11.0,135.0,135.0,PerUnit,2.0,ef540412-48a4-44f6-b1ed-ab6a4d7f15c2,21.0
ddfd49c9-309c-4c37-ac3c-a4518998e517,USD,R-000004,"#N/A",51.0,105.0,105.0,PerUnit,4.0,d82e1ff8-ad30-4c4c-9311-ca4a30255b03,101.0
ddffb3c1-89f1-4434-8d82-4ead28a1c61e,USD,R-000005,"#N/A",101.0,100.0,100.0,PerUnit,5.0,07434b4c-7fc3-46bb-888c-3771c4eac222,"#N/A"
de0ca88e-cd50-4a15-bc9e-d8bd404c1126,USD,R-000001,"#N/A",1.0,150.0,150.0,PerUnit,1.0,31aba6d1-068a-4596-9fd7-d625202b749a,11.0
dec1faa7-d614-439f-b5d6-df0c60729c23,USD,R-000001,"#N/A",1.0,150.0,150.0,PerUnit,1.0,d78c8ec1-2367-4525-a045-23f5eec7c170,11.0
df306231-8038-45a3-b6b9-926d684c57f5,USD,R-000001,"#N/A",1.0,150.0,150.0,PerUnit,1.0,311d4e36-589e-4c4a-89ff-235891dae3c2,11.0
df5c9fdd-c45e-4479-8b63-a736567bda62,USD,R-000004,"#N/A",51.0,105.0,105.0,PerUnit,4.0,0079349d-4736-4259-aef5-b44f675821e8,101.0
df61dc48-9207-4008-9ba9-581ed83c0f4e,USD,R-000005,"#N/A",101.0,100.0,100.0,PerUnit,5.0,30569110-f1e7-4f20-8e0f-5ef4afb05a14,"#N/A"
e08f4bc3-6f7d-44ef-82fc-c6745738045f,USD,R-000005,"#N/A",101.0,100.0,100.0,PerUnit,5.0,f6f289b9-e86c-439c-9ba7-125bae70ecae,"#N/A"
e0dd23e4-b043-4da9-aa7a-3bcf7deb48db,USD,R-000001,"#N/A",1.0,150.0,150.0,PerUnit,1.0,a52302d7-d71f-4aa0-97b2-ec571327ed6a,11.0
e17e0c64-96d9-4bc8-8508-f8c6775322d5,USD,R-000004,"#N/A",51.0,105.0,105.0,PerUnit,4.0,1ddeb1d9-4403-4b47-8913-56b52259bb0a,101.0
e1976518-cb44-4f48-901f-1c3afb43ae6a,USD,R-000002,"#N/A",11.0,135.0,135.0,PerUnit,2.0,866e2d2f-65ee-4df1-b4b9-ae701e18a97e,21.0
e207c6b8-3587-4cd9-a695-c70a3411bfc6,USD,R-000004,"#N/A",51.0,105.0,105.0,PerUnit,4.0,f1f6e5ea-9a3e-4dd1-84ce-326ad3080b98,101.0
e2a2b8bb-3187-40dd-a279-42f6c3b9b986,USD,R-000001,"#N/A",1.0,150.0,150.0,PerUnit,1.0,d3e7baf4-68e5-408e-b3a7-d9fce372a207,11.0
e376e950-ee53-49d2-b68b-15fdf8475fb6,USD,R-000003,"#N/A",21.0,120.0,120.0,PerUnit,3.0,f6f289b9-e86c-439c-9ba7-125bae70ecae,51.0
e39e7cad-8680-4cdc-bf42-c4e71c720b4f,USD,R-000001,"#N/A",1.0,150.0,150.0,PerUnit,1.0,30569110-f1e7-4f20-8e0f-5ef4afb05a14,11.0
e3f32839-917c-44b2-9890-5a4b02163426,USD,R-000002,"#N/A",11.0,135.0,135.0,PerUnit,2.0,988e9595-8ae0-4132-8683-c28755bf8182,21.0
e407e9b5-39b3-4ca7-8bce-b113c555b5a3,USD,R-000009,"#N/A",1.0,12.0,12.0,PerUnit,1.0,d5291634-c456-4bfe-97bb-09d8d2128472,101.0
e436ad23-0860-49c0-89e9-3907fe83126a,USD,R-000003,"#N/A",21.0,120.0,120.0,PerUnit,3.0,6d3b6755-aa41-479d-b401-188e1a608095,51.0
e4b0c22c-0ae0-42f8-b04e-29d19f2e5069,USD,R-000002,"#N/A",11.0,135.0,135.0,PerUnit,2.0,2272349d-49b1-4cbc-a8a5-e1cddc4e0a0f,21.0
e4baa8f4-e04e-467a-b562-732d28bdc844,USD,R-000002,"#N/A",11.0,135.0,135.0,PerUnit,2.0,93c6b8c1-def1-48c3-95a9-4806e5971dbe,21.0
e4ec6cf7-bd79-4f21-ad19-e06c4f5d4142,USD,R-000001,"#N/A",1.0,150.0,150.0,PerUnit,1.0,2cb31a0a-1c4c-44bb-b5a3-bb605fdf4f9b,11.0
e5130b56-1aae-47d7-829e-4900ef984ad9,USD,R-000003,"#N/A",21.0,120.0,120.0,PerUnit,3.0,674047ec-7ff9-4d07-93f2-03ec847153fe,51.0
e52e7f9f-6378-40c9-9430-59822315980d,USD,R-000003,"#N/A",21.0,120.0,120.0,PerUnit,3.0,7b2df618-166e-4bd0-afe1-1205cc089206,51.0
e5443302-83f6-4fa6-a3ab-cddca61a2603,USD,R-000004,"#N/A",51.0,105.0,105.0,PerUnit,4.0,c2eebe44-feb1-4b30-9d03-c43f59af9e22,101.0
e5b19b71-a5df-41dc-9dc7-322bfc3b0591,USD,R-000004,"#N/A",51.0,105.0,105.0,PerUnit,4.0,5e6defb5-6abd-453e-a5cc-4d7d14ab614d,101.0
e70d98d6-f59f-497c-a622-2bb9361d5b3f,USD,R-000003,"#N/A",21.0,120.0,120.0,PerUnit,3.0,7675e4ef-6532-43dc-8a43-810c9747c3b2,51.0
e72d2d5d-e171-422d-946f-2d620b45df41,USD,R-000003,"#N/A",21.0,120.0,120.0,PerUnit,3.0,5c307514-69dd-44b2-811a-9493974f786c,51.0
e75f3ef9-6eb0-4700-a242-6dd58730d49f,USD,R-000006,"#N/A",0.0,45000.0,45000.0,PerUnit,1.0,36854853-a87a-4fa4-89cf-b9d1c5840e27,3.0
e7baf2e6-9686-4069-a0ce-3605ce6f07a9,USD,R-000008,"#N/A",3.0,50000.0,50000.0,FlatFee,2.0,d8c7e0e4-042d-4c7a-ae45-b2241caafab4,"#N/A"
e7d7944e-8cf4-4b09-9dbd-701e109230bf,USD,R-000003,"#N/A",21.0,120.0,120.0,PerUnit,3.0,c33ce5d0-a5d6-4e4b-b4a1-e8b73aeff41b,51.0
e7f88917-e163-4727-8f93-36a0ab813d56,USD,R-000002,"#N/A",11.0,135.0,135.0,PerUnit,2.0,322898eb-b7ed-4647-b6f9-8328713aea4e,21.0
e8b359c2-4f0e-40b3-aaa9-89cb71436694,USD,R-000003,"#N/A",21.0,120.0,120.0,PerUnit,3.0,30569110-f1e7-4f20-8e0f-5ef4afb05a14,51.0
ea12a400-71e3-4c9f-b0ca-eb1d302d06fd,USD,R-000003,"#N/A",21.0,120.0,120.0,PerUnit,3.0,9dde195b-537f-4c58-874d-79175975670d,51.0
ea639f6b-bc72-4f2d-84dc-4cc7932c5d47,USD,R-000010,"#N/A",101.0,11.0,11.0,PerUnit,2.0,a451f088-1777-49dd-9e67-bcc6feea5d0a,201.0
eafcbb47-5c58-4b9d-b8b0-3a3efe3ab0e1,USD,R-000005,"#N/A",101.0,100.0,100.0,PerUnit,5.0,35bab2aa-748a-4455-b29b-61bf07274f02,"#N/A"
eb15a616-1165-4474-bd15-e046e0e2160a,USD,R-000002,"#N/A",11.0,135.0,135.0,PerUnit,2.0,c0893780-e32d-422a-b8ff-3b38738437b2,21.0
eb404862-4553-417b-a59e-63b184a51739,USD,R-000002,"#N/A",11.0,135.0,135.0,PerUnit,2.0,08e80051-4e16-44b9-a72f-ad3a3b32187f,21.0
eb54f9bf-e8ee-472e-bd51-5654b56f53d8,USD,R-000001,"#N/A",1.0,150.0,150.0,PerUnit,1.0,27a7f0c5-4c41-4d31-ad5b-28213e40427e,11.0
eb57376d-fc69-4a3a-8ab8-c0419785c841,USD,R-000005,"#N/A",101.0,100.0,100.0,PerUnit,5.0,5980940e-03eb-4320-b35a-c18df7c77763,"#N/A"
eb8210fa-d275-4d66-8cd2-ef996f6a2862,USD,R-000002,"#N/A",11.0,135.0,135.0,PerUnit,2.0,c2eebe44-feb1-4b30-9d03-c43f59af9e22,21.0
eb85d4e9-fe62-45aa-861b-c55fdbfa44ed,USD,R-000001,"#N/A",1.0,150.0,150.0,PerUnit,1.0,459afd51-330c-4b7a-83f2-6c885233f9c0,11.0
ec2837bc-add8-49ec-922d-e79a50db2758,USD,R-000001,"#N/A",1.0,150.0,150.0,PerUnit,1.0,ae6ab6ab-541f-4055-b21e-5c9166355d65,11.0
ecce3b0e-1f1d-478e-a62f-13f72042719b,USD,R-000003,"#N/A",21.0,120.0,120.0,PerUnit,3.0,ae6ab6ab-541f-4055-b21e-5c9166355d65,51.0
ed415b0e-dce9-404d-9ee8-f79fab043ffe,USD,R-000001,"#N/A",1.0,150.0,150.0,PerUnit,1.0,df107f42-9bbe-4827-89ae-b9ddd23d5f15,11.0
ed9b13c6-12de-40d3-9bd6-87c9e3403ee3,USD,R-000001,"#N/A",1.0,150.0,150.0,PerUnit,1.0,ef540412-48a4-44f6-b1ed-ab6a4d7f15c2,11.0
edecd65b-7f11-447e-b60c-706220d53962,USD,R-000003,"#N/A",21.0,120.0,120.0,PerUnit,3.0,0eaaeafe-c1b2-43c6-8b05-dabf781a0e54,51.0
edfb258b-7db7-4836-80f6-61c8c29aa945,USD,R-000002,"#N/A",11.0,135.0,135.0,PerUnit,2.0,8447ae9c-80e1-459b-9d9b-5ff9bbd01217,21.0
ee08b2e5-c21a-4a23-bd15-eacb507b71ee,USD,R-000003,"#N/A",21.0,120.0,120.0,PerUnit,3.0,80a9d74e-3e8f-43c4-85ca-db08b5731426,51.0
eebc0c18-5932-4173-ab5c-39e39d757004,USD,R-000005,"#N/A",101.0,100.0,100.0,PerUnit,5.0,6dc3c1a6-f0d5-4a1f-a910-70b042e2865d,"#N/A"
ef14f234-5542-4de1-922a-569e012806af,USD,R-000005,"#N/A",101.0,100.0,100.0,PerUnit,5.0,20060e98-dc64-4cb2-a2fb-a115524e42b0,"#N/A"
ef4c64e1-cdd9-40e9-b318-066de30074dd,USD,R-000002,"#N/A",11.0,135.0,135.0,PerUnit,2.0,8a5d2146-f8ac-47f1-afe7-4725d448d4ab,21.0
ef51e6b1-cdfd-46cd-833a-cd123f406730,USD,R-000004,"#N/A",51.0,105.0,105.0,PerUnit,4.0,866e2d2f-65ee-4df1-b4b9-ae701e18a97e,101.0
ef9b9d75-2614-4e07-be1a-4ed24563c3f8,USD,R-000003,"#N/A",21.0,120.0,120.0,PerUnit,3.0,3b16b851-b3d8-4d19-91b6-6ba7aeb870d6,51.0
efa87304-29ba-42e8-886b-6f7ba33f86bd,USD,R-000004,"#N/A",51.0,105.0,105.0,PerUnit,4.0,5dee0e83-a3df-4f0a-9993-e3bd1d3f67a1,101.0
efa94122-584d-47d4-a2c0-1d8f452a716f,USD,R-000004,"#N/A",51.0,105.0,105.0,PerUnit,4.0,ae6ab6ab-541f-4055-b21e-5c9166355d65,101.0
f03453cb-e963-47d6-b03f-f0817154d694,USD,R-000001,"#N/A",1.0,150.0,150.0,PerUnit,1.0,17d5fd48-4943-467b-9b7a-50e532b8959e,11.0
f0501f6f-51b7-451f-9627-ce9962f33e71,USD,R-000003,"#N/A",21.0,120.0,120.0,PerUnit,3.0,5f1e6325-9136-471f-8395-1e224f65bdc2,51.0
f05d0411-cb79-42b7-86ba-4d40c1c8a64c,USD,R-000003,"#N/A",21.0,120.0,120.0,PerUnit,3.0,61d0f8a1-454d-4894-8aff-bcc412e4a6aa,51.0
f061147e-49a0-4c91-b024-001eb84a4422,USD,R-000001,"#N/A",1.0,150.0,150.0,PerUnit,1.0,6c47aecc-f3b7-4120-ba72-d44161d9943f,11.0
f09ff653-4c4d-42fb-a3db-486a5f6b6156,USD,R-000005,"#N/A",101.0,100.0,100.0,PerUnit,5.0,0c53c71d-46bd-487d-aa7e-cca31ffc4486,"#N/A"
f2778113-8a7c-41b7-985c-62676c229af5,USD,R-000003,"#N/A",21.0,120.0,120.0,PerUnit,3.0,1761e3b9-e830-4e67-8a47-947950a7c764,51.0
f30bb2ed-bc4f-454d-85dc-8e997feb37c4,USD,R-000005,"#N/A",101.0,100.0,100.0,PerUnit,5.0,93c6b8c1-def1-48c3-95a9-4806e5971dbe,"#N/A"
f30c14ec-0ba4-4549-b0e2-056d8d9aea90,USD,R-000011,"#N/A",201.0,10.5,10.5,PerUnit,3.0,9bd83ea1-7ea8-4488-9e07-8f69f804ffa6,301.0
f3e938ba-5145-479e-ae00-a513f8b8bf34,USD,R-000001,"#N/A",1.0,150.0,150.0,PerUnit,1.0,fb0537c8-fd8f-4126-8eae-ceffe7e9a697,11.0
f4120eb4-6813-4352-b541-7655ab3e686f,USD,R-000008,"#N/A",3.0,50000.0,50000.0,FlatFee,2.0,36854853-a87a-4fa4-89cf-b9d1c5840e27,"#N/A"
f417ea4a-cedf-4b2b-9e9e-c58c29539384,USD,R-000004,"#N/A",51.0,105.0,105.0,PerUnit,4.0,08e80051-4e16-44b9-a72f-ad3a3b32187f,101.0
f4378082-983e-4313-928a-6d4e0a2033c6,USD,R-000005,"#N/A",101.0,100.0,100.0,PerUnit,5.0,17d5fd48-4943-467b-9b7a-50e532b8959e,"#N/A"
f4a8a5db-7a97-43c5-a6fb-95d32a556145,USD,R-000004,"#N/A",51.0,105.0,105.0,PerUnit,4.0,988e9595-8ae0-4132-8683-c28755bf8182,101.0
f5508609-a6cd-4ebf-a5bc-d6c2c78eb094,USD,R-000003,"#N/A",21.0,120.0,120.0,PerUnit,3.0,9991add3-848b-4b34-8626-4863ed2fc315,51.0
f5f5d9ee-eda9-469a-ab6d-ab12e1094da2,USD,R-000004,"#N/A",51.0,105.0,105.0,PerUnit,4.0,91e459b5-382e-4628-b794-ccca4f246b9e,101.0
f6f2e0ed-6281-46fa-bcf8-5abf087dbda8,USD,R-000002,"#N/A",11.0,135.0,135.0,PerUnit,2.0,d4009a0d-bb24-4a32-9f26-16a00d37678a,21.0
f6fe570a-c233-4340-96a9-765aafafbb78,USD,R-000004,"#N/A",51.0,105.0,105.0,PerUnit,4.0,ccf070b5-5cd8-4c47-ba6b-93c010d8f824,101.0
f84247b9-ee5f-4b74-ac1b-e368868de8c1,USD,R-000003,"#N/A",21.0,120.0,120.0,PerUnit,3.0,07dcd79d-bb68-4780-8900-424e3fb4433d,51.0
f87e5895-5cd0-467b-a0dc-3528cda71dc6,USD,R-000005,"#N/A",101.0,100.0,100.0,PerUnit,5.0,cf4aa9f2-5ab5-42ba-a044-e32d28616463,"#N/A"
f8ab66a1-ba74-41b4-ad4b-71b2bddddef0,USD,R-000002,"#N/A",11.0,135.0,135.0,PerUnit,2.0,674047ec-7ff9-4d07-93f2-03ec847153fe,21.0
f994251a-855c-44d2-adb4-17d7d031e968,USD,R-000003,"#N/A",21.0,120.0,120.0,PerUnit,3.0,fccf410c-43b0-400d-a824-d7f544ddd5a8,51.0
fa074e1d-e091-46a8-884a-b42511a25a3a,USD,R-000004,"#N/A",51.0,105.0,105.0,PerUnit,4.0,1761e3b9-e830-4e67-8a47-947950a7c764,101.0
fa14f854-2274-4e39-b974-8f7a93eb34d2,USD,R-000005,"#N/A",101.0,100.0,100.0,PerUnit,5.0,acc6f6a0-89a0-4d5f-b7c0-a34e4b84c9fd,"#N/A"
fa5b1983-9321-4bc3-a42a-dcff73686751,USD,R-000005,"#N/A",101.0,100.0,100.0,PerUnit,5.0,988e9595-8ae0-4132-8683-c28755bf8182,"#N/A"
fa8a66f6-3567-4028-9d03-7cbd60ffb02b,USD,R-000012,"#N/A",301.0,10.0,10.0,PerUnit,4.0,89f54977-a3f3-45c4-a7ee-b095c0ea3a1a,"#N/A"
fa8d28e6-93fc-4dd2-b85a-14994abd2706,USD,R-000001,"#N/A",1.0,150.0,150.0,PerUnit,1.0,3b65e52c-59d4-449b-a4d1-ab3c02da3eef,11.0
fab1a3b0-4de0-423a-bbb7-48a0d1b51748,USD,R-000003,"#N/A",21.0,120.0,120.0,PerUnit,3.0,2fdbed93-64e6-404f-b0ff-65fdfe79dc8e,51.0
fb597dd3-570a-4bc3-99ed-2c969b919904,USD,R-000001,"#N/A",1.0,150.0,150.0,PerUnit,1.0,0079349d-4736-4259-aef5-b44f675821e8,11.0
fb68e158-6413-4bf5-ac48-0866aabb94c7,USD,R-000004,"#N/A",51.0,105.0,105.0,PerUnit,4.0,037345e2-acc4-473d-85ff-69c35b91d18d,101.0
fb832b26-cd2a-4498-b471-689633587da3,USD,R-000001,"#N/A",1.0,150.0,150.0,PerUnit,1.0,8f612495-3c57-4ce4-9d0f-8d1436e8a389,11.0
fc18ed62-b3ec-423d-9446-82f7c30de8c3,USD,R-000001,"#N/A",1.0,150.0,150.0,PerUnit,1.0,120b2e5c-0cc1-40b0-829a-3bd7f075a54c,11.0
fca05c5e-fb22-4a00-bbe6-215520407774,USD,R-000004,"#N/A",51.0,105.0,105.0,PerUnit,4.0,0d9982e2-e4c2-489e-892f-0c2f76d91cb5,101.0
fcd7ee54-27ff-49c2-9cab-d85288eabed2,USD,R-000008,"#N/A",3.0,50000.0,50000.0,FlatFee,2.0,4ed743d0-a0fc-4621-b02c-278d405caeac,"#N/A"
fce55da4-8889-4bd2-b782-bbf13134164b,USD,R-000001,"#N/A",1.0,150.0,150.0,PerUnit,1.0,f1f6e5ea-9a3e-4dd1-84ce-326ad3080b98,11.0
fd01e4cd-87fa-45cc-a5b3-061814aec194,USD,R-000005,"#N/A",101.0,100.0,100.0,PerUnit,5.0,80a9d74e-3e8f-43c4-85ca-db08b5731426,"#N/A"
fd4ee7e3-a5fc-4fd1-a1b9-0f53da850ff4,USD,R-000001,"#N/A",1.0,150.0,150.0,PerUnit,1.0,5dee0e83-a3df-4f0a-9993-e3bd1d3f67a1,11.0
fd608223-1a16-46c5-a81a-3ee605d56953,USD,R-000003,"#N/A",21.0,120.0,120.0,PerUnit,3.0,c82f2d4e-90ce-441d-b6c6-0b51b92b3956,51.0
fdd7b199-4a0a-4b6d-8edf-2a08dd28ecca,USD,R-000002,"#N/A",11.0,135.0,135.0,PerUnit,2.0,120b2e5c-0cc1-40b0-829a-3bd7f075a54c,21.0
fe0c8723-2e5c-4ec2-a954-a6a655034b81,USD,R-000003,"#N/A",21.0,120.0,120.0,PerUnit,3.0,17d5fd48-4943-467b-9b7a-50e532b8959e,51.0
fe221045-7872-4591-be48-f068228c2ce4,USD,R-000002,"#N/A",11.0,135.0,135.0,PerUnit,2.0,4565c239-e89d-4acd-936d-541eabac5a98,21.0
fe9f2a7c-3207-4eee-be92-fe823385fcb7,USD,R-000003,"#N/A",21.0,120.0,120.0,PerUnit,3.0,8f612495-3c57-4ce4-9d0f-8d1436e8a389,51.0
ff013a59-996e-4c4c-b24c-933b10db4d61,USD,R-000002,"#N/A",11.0,135.0,135.0,PerUnit,2.0,d3e7baf4-68e5-408e-b3a7-d9fce372a207,21.0
ff5dc3d3-64c0-43d5-9317-d66e21629f81,USD,R-000009,"#N/A",1.0,12.0,12.0,PerUnit,1.0,387e5ccd-d33c-4996-b112-c18249ed01cb,101.0
